id,party,census_block,dem_partisan_score,state,census_tract,x,y
1825677227,Democrat,37021001801,98.2,37,37021001801,816884.7135782902,-542164.3202608161
3488909595,Democrat,37081010404,98.8,37,37081010404,1059357.1764152637,-473681.0913261285
2348671450,Republican,37081010404,0.6,37,37081010404,1059357.1764152637,-473681.0913261285
1153885739,Democrat,37119005509,97.2,37,37119005509,974049.8647005128,-560862.9383920078
1958471276,Republican,37119005509,1.7,37,37119005509,974049.8647005128,-560862.9383920078
3286938182,Democrat,37065020300,92.8,37,37065020300,1244281.5056106006,-477178.11321360007
189351210,Republican,37183053610,14.2,37,37183053610,1150815.6330012185,-488810.8021463928
1952265719,Democrat,37183053610,75.7,37,37183053610,1150815.6330012185,-488810.8021463928
790197178,Democrat,37183053610,86.25,37,37183053610,1150815.6330012185,-488810.8021463928
186845655,Democrat,37183053610,96.8,37,37183053610,1150815.6330012185,-488810.8021463928
3224247670,Democrat,37087921000,65.0,37,37087921000,777641.8522408784,-554613.8082110225
2497469280,Republican,37025041602,8.5,37,37025041602,1004925.3879515207,-561396.3420108272
901654535,Democrat,37021002102,50.6,37,37021002102,817874.9059053948,-548948.0183716863
3412971849,Democrat,37119006210,96.1,37,37119006210,965041.779955658,-554554.1940709908
532985046,Republican,37199960200,31.5,37,37199960200,835585.4790111063,-500912.65199527063
3346830806,Republican,37199960200,32.45,37,37199960200,835585.4790111063,-500912.65199527063
1802795798,Republican,37199960200,33.4,37,37199960200,835585.4790111063,-500912.65199527063
4150181081,Republican,37183053420,34.9,37,37183053420,1149024.0261892637,-512504.6114305856
4063045012,Democrat,37183053420,68.9,37,37183053420,1149024.0261892637,-512504.6114305856
3745464544,Democrat,37183053420,81.65,37,37183053420,1149024.0261892637,-512504.6114305856
4008725226,Democrat,37183053420,94.4,37,37183053420,1149024.0261892637,-512504.6114305856
273729403,Republican,37081017000,0.8,37,37081017000,1077524.4888473214,-489277.670338613
426781746,Democrat,37119005620,96.2,37,37119005620,986225.2609462128,-575360.9340386568
2074195721,Republican,37109070400,0.4,37,37109070400,930027.1793494113,-555224.8964455797
1378663951,Democrat,37129010501,87.0,37,37129010501,1249750.5003033285,-666174.6717717755
884411215,Democrat,37129010501,92.1,37,37129010501,1249750.5003033285,-666174.6717717755
2464462902,Democrat,37129010501,97.2,37,37129010501,1249750.5003033285,-666174.6717717755
2208973588,Republican,37147001100,3.7,37,37147001100,1296651.028980258,-519499.6174865172
2934640544,Democrat,37147001100,95.5,37,37147001100,1296651.028980258,-519499.6174865172
3705311536,Republican,37113970700,0.3,37,37113970700,733794.2183183758,-604447.7893486918
2369657932,Democrat,37113970700,97.9,37,37113970700,733794.2183183758,-604447.7893486918
3003404296,Republican,37035010302,2.5,37,37035010302,926480.7073271764,-517013.1754506773
3248995604,Democrat,37035010302,99.1,37,37035010302,926480.7073271764,-517013.1754506773
149617265,Democrat,37081011602,98.6,37,37081011602,1055736.416406782,-479130.2127609864
2869494718,Democrat,37181960200,74.1,37,37181960200,1178442.5170684187,-423003.36577612977
1271788109,Democrat,37067001000,91.7,37,37067001000,1017686.5167125256,-478817.772628215
1974170698,Democrat,37057060203,98.8,37,37057060203,1021940.0771798884,-492969.6362163054
504962484,Republican,37057060203,0.5,37,37057060203,1021940.0771798884,-492969.6362163054
3879401456,Republican,37081015703,6.7,37,37081015703,1058050.232034645,-470054.48018381617
2309966314,Democrat,37081015703,96.9,37,37081015703,1058050.232034645,-470054.48018381617
2971043993,Democrat,37119001510,96.0,37,37119001510,979892.29992992,-572439.9346669065
2747664821,Republican,37057061802,8.8,37,37057061802,1025141.4247935041,-516792.8062533425
1284561740,Democrat,37097060902,92.1,37,37097060902,958077.1288801185,-499242.5482357111
3314421965,Democrat,37081015800,94.0,37,37081015800,1049743.9021868887,-463025.66829252953
1613700736,Democrat,37119003015,96.2,37,37119003015,979134.6788808235,-587211.5239392915
1639755470,Republican,37027030500,0.5,37,37027030500,906929.0863821238,-502874.7304615251
443828542,Republican,37105030602,15.5,37,37105030602,1110787.4894304343,-542018.9349089286
3920596529,Democrat,37105030602,98.3,37,37105030602,1110787.4894304343,-542018.9349089286
1366906363,Republican,37151030100,3.4,37,37151030100,1060219.1381518135,-521005.3398144754
2113653832,Democrat,37151030100,96.2,37,37151030100,1060219.1381518135,-521005.3398144754
3900134224,Democrat,37097061407,97.6,37,37097061407,969070.3888306705,-543472.1384326261
130651134,Republican,37031970501,46.6,37,37031970501,1342791.0922189385,-600172.0683465115
2248662628,Democrat,37063001502,94.0,37,37063001502,1136603.415656278,-478010.1478723865
604664985,Republican,37119003600,4.4,37,37119003600,968636.0969799364,-577634.3713346347
1709443659,Republican,37119003600,10.5,37,37119003600,968636.0969799364,-577634.3713346347
2103165421,Republican,37119003600,16.6,37,37119003600,968636.0969799364,-577634.3713346347
3372980372,Democrat,37119003600,67.9,37,37119003600,968636.0969799364,-577634.3713346347
3148514642,Democrat,37119003600,83.6,37,37119003600,968636.0969799364,-577634.3713346347
2074058733,Democrat,37119003600,99.3,37,37119003600,968636.0969799364,-577634.3713346347
1784438186,Republican,37151030400,0.9,37,37151030400,1060482.1895131068,-513280.69855757937
559318056,Republican,37101041002,23.0,37,37101041002,1182299.9825063746,-511905.7745312861
3123202066,Republican,37101041002,34.55,37,37101041002,1182299.9825063746,-511905.7745312861
3995887898,Republican,37101041002,46.1,37,37101041002,1182299.9825063746,-511905.7745312861
3039812204,Democrat,37101041002,99.4,37,37101041002,1182299.9825063746,-511905.7745312861
4206378646,Democrat,37099950600,85.9,37,37099950600,758042.2375200241,-582566.633175756
2662529964,Democrat,37099950600,90.7,37,37099950600,758042.2375200241,-582566.633175756
1549005290,Democrat,37099950600,95.5,37,37099950600,758042.2375200241,-582566.633175756
3205416833,Republican,37051000702,1.1,37,37051000702,1148216.9258303805,-584028.6234518072
3701522373,Republican,37127010502,0.8,37,37127010502,1237625.5591007124,-474077.1472038812
3848169641,Democrat,37127010502,80.3,37,37127010502,1237625.5591007124,-474077.1472038812
2426902450,Democrat,37051001500,98.4,37,37051001500,1152172.4494844172,-590776.9333840616
1879605481,Democrat,37129010400,95.0,37,37129010400,1246965.785993692,-667116.2001374306
3906209714,Democrat,37057060102,95.7,37,37057060102,1031365.0227502356,-487607.5621600609
3881834721,Democrat,37183052808,97.4,37,37183052808,1171703.7477258516,-513295.5467072767
1059344405,Republican,37183052808,28.7,37,37183052808,1171703.7477258516,-513295.5467072767
560288206,Democrat,37157041200,84.6,37,37157041200,1068400.7014334064,-442936.2579537368
3340387676,Republican,37183053707,19.0,37,37183053707,1163594.4692281354,-490655.08248842077
2524096249,Democrat,37183053707,99.2,37,37183053707,1163594.4692281354,-490655.08248842077
1921975208,Republican,37119000600,2.1,37,37119000600,972223.5813274195,-576436.1003239595
1936525398,Republican,37119000600,5.200000000000001,37,37119000600,972223.5813274195,-576436.1003239595
2489867601,Republican,37119000600,8.3,37,37119000600,972223.5813274195,-576436.1003239595
1921585882,Democrat,37051001603,93.7,37,37051001603,1146766.5545409443,-590063.8111810534
3367777583,Republican,37021003204,35.4,37,37021003204,830871.5164778369,-550619.6482619551
1604887349,Republican,37127010601,2.0,37,37127010601,1238696.6282450024,-471122.8081313421
139118415,Democrat,37127010601,91.7,37,37127010601,1238696.6282450024,-471122.8081313421
916182290,Republican,37183053413,3.6,37,37183053413,1140645.724917573,-512714.7951584362
451417496,Republican,37183053413,11.0,37,37183053413,1140645.724917573,-512714.7951584362
3212567095,Republican,37183053413,18.4,37,37183053413,1140645.724917573,-512714.7951584362
2034109140,Democrat,37183053413,99.1,37,37183053413,1140645.724917573,-512714.7951584362
3021643300,Democrat,37183053408,99.3,37,37183053408,1146596.0455610629,-502694.08835851616
436179476,Republican,37089930800,8.5,37,37089930800,819508.9722164078,-567592.4677364603
969421391,Republican,37035010202,30.9,37,37035010202,932965.9303240434,-521742.36806784093
159120910,Democrat,37035010202,96.9,37,37035010202,932965.9303240434,-521742.36806784093
142973945,Democrat,37065021300,98.5,37,37065021300,1256058.8427289044,-482423.1219605684
2512790541,Democrat,37183053415,98.8,37,37183053415,1144710.538008577,-506679.6132139422
2807577302,Republican,37183053415,42.5,37,37183053415,1144710.538008577,-506679.6132139422
4061297625,Republican,37135010901,0.4,37,37135010901,1128478.2161328495,-469253.53512103343
1088396340,Democrat,37135010901,95.3,37,37135010901,1128478.2161328495,-469253.53512103343
1822787256,Republican,37033930600,0.8,37,37033930600,1107450.207734552,-445146.1079289111
670063240,Democrat,37033930600,89.0,37,37033930600,1107450.207734552,-445146.1079289111
1817815788,Republican,37067004015,0.5,37,37067004015,1008933.8674552777,-488373.7329474211
3798485834,Democrat,37129010700,95.1,37,37129010700,1245746.3092346229,-670688.7104755167
1391336868,Democrat,37093970202,98.8,37,37093970202,1113042.3867252215,-599368.8422060496
2368102887,Republican,37081014000,43.0,37,37081014000,1040263.5816307842,-491766.30171331536
4138275865,Democrat,37021002505,96.6,37,37021002505,803835.2792033663,-546617.8542600468
3734719220,Democrat,37147000302,98.2,37,37147000302,1286370.337783253,-512157.5372123678
4240333175,Republican,37069060801,2.2,37,37069060801,1199888.347206001,-479865.1500288046
2414421179,Republican,37119005706,0.4,37,37119005706,988342.955998948,-578556.1683826689
4172108827,Republican,37159051201,8.0,37,37159051201,994099.7278831736,-530683.653731563
982935195,Republican,37147001900,0.9,37,37147001900,1262685.5019399351,-504661.3106407682
758787763,Democrat,37061090701,89.7,37,37061090701,1241526.8573927295,-602845.7092811235
526509721,Republican,37037020701,0.4,37,37037020701,1136339.866869508,-497928.2371750418
1931795507,Republican,37037020701,0.7,37,37037020701,1136339.866869508,-497928.2371750418
1575043565,Republican,37037020701,3.8,37,37037020701,1136339.866869508,-497928.2371750418
2707242164,Republican,37105030101,26.5,37,37105030101,1118967.7178305034,-538296.0378881837
3925975478,Democrat,37085071301,86.3,37,37085071301,1133623.8785009484,-550572.9087700603
3728326086,Democrat,37139960502,94.4,37,37139960502,1372639.9753574338,-420250.52207591897
1441171651,Democrat,37045950500,72.5,37,37045950500,925248.5945586136,-578718.2121774856
395124193,Republican,37037020600,14.4,37,37037020600,1110130.253398464,-524637.8911116088
4195644831,Democrat,37063002024,64.0,37,37063002024,1138600.8605581957,-486377.752020219
2277282775,Republican,37097060100,0.3,37,37097060100,964757.5214422706,-513641.8369562578
1610470626,Democrat,37119001608,90.7,37,37119001608,978609.269114692,-574876.8118133956
2288625789,Democrat,37051001601,72.6,37,37051001601,1145623.3883841052,-592819.5153186441
3285648792,Republican,37081015500,33.4,37,37081015500,1063233.0995706369,-465805.5389500925
3499419718,Democrat,37081015500,97.7,37,37081015500,1063233.0995706369,-465805.5389500925
1396815825,Democrat,37081016503,95.1,37,37081016503,1050376.183071614,-480001.09353985783
2232842990,Democrat,37081016503,97.05,37,37081016503,1050376.183071614,-480001.09353985783
3950588203,Democrat,37081016503,99.0,37,37081016503,1050376.183071614,-480001.09353985783
1983460227,Democrat,37127010602,82.9,37,37127010602,1240657.0955653721,-471094.8809625103
1517321649,Republican,37127010602,0.3,37,37127010602,1240657.0955653721,-471094.8809625103
827112030,Republican,37127010602,1.2,37,37127010602,1240657.0955653721,-471094.8809625103
1730883830,Republican,37127010602,2.1,37,37127010602,1240657.0955653721,-471094.8809625103
3054733521,Republican,37059080300,0.5,37,37059080300,1000515.2479418906,-492499.3336581976
291875041,Republican,37059080300,5.7,37,37059080300,1000515.2479418906,-492499.3336581976
454679772,Democrat,37067002901,94.9,37,37067002901,1019936.5911246856,-463569.7335950906
1319536574,Democrat,37063001708,97.9,37,37063001708,1141640.5246885952,-471164.9449108553
1473143705,Democrat,37153970900,85.9,37,37153970900,1074515.4207153977,-608349.3148392715
2569011115,Democrat,37183053417,92.8,37,37183053417,1146355.4154201872,-510878.7348212539
3354380923,Republican,37009970400,17.3,37,37009970400,901464.3919096928,-448654.2653437498
2443775445,Republican,37009970400,28.6,37,37009970400,901464.3919096928,-448654.2653437498
2658214000,Republican,37009970400,39.9,37,37009970400,901464.3919096928,-448654.2653437498
1996450522,Republican,37195001700,0.3,37,37195001700,1224406.8724600552,-511573.5509191245
4245529680,Republican,37195001700,0.44999999999999996,37,37195001700,1224406.8724600552,-511573.5509191245
3064240781,Republican,37195001700,0.6,37,37195001700,1224406.8724600552,-511573.5509191245
811349740,Democrat,37195001700,95.6,37,37195001700,1224406.8724600552,-511573.5509191245
416311551,Democrat,37163970600,97.0,37,37163970600,1199450.454899155,-581808.4265283386
1475591543,Democrat,37001021702,98.2,37,37001021702,1085585.7449077829,-472599.6490415713
3997932563,Republican,37119006215,1.0,37,37119006215,967216.4610086612,-559702.4585862126
868536507,Republican,37119006215,4.7,37,37119006215,967216.4610086612,-559702.4585862126
1220562288,Republican,37119006215,8.4,37,37119006215,967216.4610086612,-559702.4585862126
2217546719,Republican,37109070600,15.1,37,37109070600,915972.8739334721,-544861.6935605309
604363091,Democrat,37135011205,87.0,37,37135011205,1128599.5919378349,-484027.4879386503
245588490,Democrat,37125950702,98.4,37,37125950702,1097998.4598061629,-574554.1303139292
1231044315,Democrat,37125950702,98.55000000000001,37,37125950702,1097998.4598061629,-574554.1303139292
1013311103,Democrat,37125950702,98.7,37,37125950702,1097998.4598061629,-574554.1303139292
1080258972,Democrat,37067001100,66.0,37,37067001100,1017812.7963527836,-476966.4809301309
3409443743,Democrat,37025041303,96.7,37,37025041303,980291.5378225695,-557220.7722059492
595939836,Democrat,37025041303,97.2,37,37025041303,980291.5378225695,-557220.7722059492
3910167136,Democrat,37025041303,97.7,37,37025041303,980291.5378225695,-557220.7722059492
3253193933,Republican,37025041303,1.0,37,37025041303,980291.5378225695,-557220.7722059492
3951040852,Republican,37025041303,6.5,37,37025041303,980291.5378225695,-557220.7722059492
808349530,Republican,37025041303,25.3,37,37025041303,980291.5378225695,-557220.7722059492
1178473534,Republican,37139960400,0.3,37,37139960400,1376730.8021574435,-422952.55191119993
3133211923,Republican,37119005811,5.4,37,37119005811,980090.7442128577,-585622.4885852195
233154755,Democrat,37081015706,99.4,37,37081015706,1058780.3924486646,-466797.6920455825
2198918192,Democrat,37119005912,86.2,37,37119005912,962471.418153514,-583358.0620372863
517975100,Republican,37127010700,3.2,37,37127010700,1241242.3955787779,-461572.8071955922
3376497452,Democrat,37189920400,90.8,37,37189920400,887391.9663596938,-467745.2297303474
3837438039,Republican,37189920400,30.2,37,37189920400,887391.9663596938,-467745.2297303474
2883051854,Republican,37067002501,1.9,37,37067002501,1015885.7113076908,-476046.4743453178
228815629,Republican,37067002501,4.6,37,37067002501,1015885.7113076908,-476046.4743453178
1354909130,Republican,37067002501,7.3,37,37067002501,1015885.7113076908,-476046.4743453178
1363744620,Democrat,37087920700,80.9,37,37087920700,764451.1849117297,-553853.8979061947
1459621258,Democrat,37195001500,97.4,37,37195001500,1218425.3596603668,-502126.76293737616
2162342713,Republican,37195001500,27.0,37,37195001500,1218425.3596603668,-502126.76293737616
2150287550,Democrat,37097060901,64.4,37,37097060901,959266.9158342023,-489536.8249101594
2814136146,Democrat,37071033304,93.1,37,37071033304,944264.0182831241,-580471.8211239958
667986433,Republican,37025041601,0.4,37,37025041601,1000336.1044389787,-570545.2235065631
1139016779,Republican,37025041601,0.5,37,37025041601,1000336.1044389787,-570545.2235065631
804569623,Republican,37025041601,0.6,37,37025041601,1000336.1044389787,-570545.2235065631
1296886215,Democrat,37067002807,98.6,37,37067002807,1016015.4805938178,-461685.3142071512
1927293099,Republican,37067002807,1.0,37,37067002807,1016015.4805938178,-461685.3142071512
2028327599,Democrat,37063002018,92.8,37,37063002018,1133869.6004652414,-487003.1785203129
1373358630,Democrat,37063002018,95.5,37,37063002018,1133869.6004652414,-487003.1785203129
596281147,Democrat,37063002018,98.2,37,37063002018,1133869.6004652414,-487003.1785203129
33325465,Republican,37063002018,0.4,37,37063002018,1133869.6004652414,-487003.1785203129
2752801578,Republican,37103920300,16.9,37,37103920300,1275166.539601358,-568927.1138454964
1390940666,Democrat,37119005714,94.8,37,37119005714,991650.215218445,-580039.404350275
2096686921,Republican,37195000400,1.5,37,37195000400,1229150.6317295206,-502889.303847864
2143562308,Democrat,37081012704,98.0,37,37081012704,1062063.05574646,-471349.14785942744
983794353,Democrat,37081012704,98.1,37,37081012704,1062063.05574646,-471349.14785942744
265913189,Democrat,37081012704,98.9,37,37081012704,1062063.05574646,-471349.14785942744
2499585979,Republican,37081012704,0.5,37,37081012704,1062063.05574646,-471349.14785942744
1523598456,Republican,37119006007,35.7,37,37119006007,958493.3868146857,-566486.4051946303
3406922058,Democrat,37119006007,95.5,37,37119006007,958493.3868146857,-566486.4051946303
3127918958,Democrat,37119006007,96.35,37,37119006007,958493.3868146857,-566486.4051946303
211068395,Democrat,37119006007,97.2,37,37119006007,958493.3868146857,-566486.4051946303
3379725145,Republican,37089931000,7.4,37,37089931000,825256.9338953344,-571303.3824378813
3534550447,Republican,37089931000,16.700000000000003,37,37089931000,825256.9338953344,-571303.3824378813
3479967403,Republican,37089931000,26.0,37,37089931000,825256.9338953344,-571303.3824378813
3932464795,Republican,37077970603,11.3,37,37077970603,1157250.5327837495,-465194.2988459686
1349236010,Democrat,37025040500,94.0,37,37025040500,998164.2573304357,-559197.9666322924
840113770,Republican,37025040500,0.4,37,37025040500,998164.2573304357,-559197.9666322924
2207113216,Democrat,37041930200,98.5,37,37041930200,1341337.92842092,-439518.9820319362
3816125931,Republican,37041930200,1.6,37,37041930200,1341337.92842092,-439518.9820319362
3814317762,Republican,37119002702,39.8,37,37119002702,971980.4965107023,-581207.4308346704
81822203,Republican,37119002702,41.349999999999994,37,37119002702,971980.4965107023,-581207.4308346704
534450944,Republican,37119002702,42.9,37,37119002702,971980.4965107023,-581207.4308346704
3684944364,Democrat,37119002904,65.8,37,37119002904,975879.0962607979,-585462.4223959129
71814365,Republican,37119002904,0.8,37,37119002904,975879.0962607979,-585462.4223959129
362588094,Republican,37183053202,4.0,37,37183053202,1153225.073479777,-517037.2864684353
1560259001,Democrat,37119004600,97.0,37,37119004600,969372.3198712356,-572553.9807575786
3261334533,Democrat,37119004600,97.7,37,37119004600,969372.3198712356,-572553.9807575786
593844916,Democrat,37119004600,98.4,37,37119004600,969372.3198712356,-572553.9807575786
3620584647,Republican,37025042602,1.2,37,37025042602,983863.6663564148,-559687.9298436181
1121566703,Democrat,37025042602,98.7,37,37025042602,983863.6663564148,-559687.9298436181
3047659087,Republican,37113970600,1.1,37,37113970600,745382.9623530275,-602431.4726691153
1646812602,Republican,37113970600,13.799999999999999,37,37113970600,745382.9623530275,-602431.4726691153
1663342156,Republican,37113970600,26.5,37,37113970600,745382.9623530275,-602431.4726691153
3251282745,Republican,37151031304,0.4,37,37151031304,1053975.4116324526,-499444.8494116476
4123989140,Democrat,37051003204,93.0,37,37051003204,1141010.2520291246,-587941.1371534015
2623472623,Democrat,37051003204,93.4,37,37051003204,1141010.2520291246,-587941.1371534015
3963993805,Democrat,37051003204,93.8,37,37051003204,1141010.2520291246,-587941.1371534015
2985956764,Democrat,37035010101,60.2,37,37035010101,941229.8031334905,-518006.0245731436
1774031846,Republican,37035010101,3.2,37,37035010101,941229.8031334905,-518006.0245731436
2622194708,Democrat,37089930600,98.9,37,37089930600,818483.4019217985,-561087.2797208205
3359653397,Republican,37125950301,13.8,37,37125950301,1083183.5006942365,-558714.8013183445
140630943,Republican,37171931002,26.1,37,37171931002,973320.9682405612,-446346.0275233464
3336552249,Democrat,37125950100,97.3,37,37125950100,1094153.7223782649,-542151.5224330663
365350060,Republican,37067003703,0.7,37,37067003703,1016708.897578663,-486246.0583520444
2265408159,Republican,37067003703,23.9,37,37067003703,1016708.897578663,-486246.0583520444
1099830363,Republican,37067003703,47.1,37,37067003703,1016708.897578663,-486246.0583520444
1116267854,Democrat,37067003703,98.4,37,37067003703,1016708.897578663,-486246.0583520444
259433457,Republican,37183054210,1.4,37,37183054210,1182454.3216727423,-485032.0721452862
4001622685,Republican,37183054210,2.8,37,37183054210,1182454.3216727423,-485032.0721452862
90396661,Republican,37183054210,4.2,37,37183054210,1182454.3216727423,-485032.0721452862
3398307303,Democrat,37081011000,98.9,37,37081011000,1062230.125405648,-475902.02590039896
2823353300,Democrat,37183054018,98.7,37,37183054018,1170129.343741522,-492020.98568442295
3904602588,Republican,37119005713,3.2,37,37119005713,988642.6317448284,-584062.4012772178
2934628440,Democrat,37135011000,95.7,37,37135011000,1122688.7376163523,-471666.2740921013
3746527854,Democrat,37183053516,95.3,37,37183053516,1156324.702985313,-502957.29905853386
4015114232,Democrat,37183053516,96.8,37,37183053516,1156324.702985313,-502957.29905853386
3922502410,Democrat,37183053516,98.3,37,37183053516,1156324.702985313,-502957.29905853386
2508904285,Democrat,37085070802,85.1,37,37085070802,1159755.6757811788,-543424.6436124516
1568284946,Republican,37085070802,0.3,37,37085070802,1159755.6757811788,-543424.6436124516
1591979024,Republican,37085070802,0.35,37,37085070802,1159755.6757811788,-543424.6436124516
2373614197,Republican,37085070802,0.4,37,37085070802,1159755.6757811788,-543424.6436124516
79289722,Republican,37021003002,27.0,37,37021003002,827636.9484408094,-540409.0967866131
1477424499,Republican,37021003002,32.95,37,37021003002,827636.9484408094,-540409.0967866131
3128807297,Republican,37021003002,38.9,37,37021003002,827636.9484408094,-540409.0967866131
2035533514,Republican,37069060502,39.6,37,37069060502,1182155.3869124341,-471689.34615324007
1137266438,Democrat,37081012503,93.3,37,37081012503,1057848.9825280858,-472139.0831285305
3208531753,Republican,37111970800,19.9,37,37111970800,847189.3411201442,-542575.5255549084
4259319064,Republican,37111970800,25.35,37,37111970800,847189.3411201442,-542575.5255549084
209664104,Republican,37111970800,30.8,37,37111970800,847189.3411201442,-542575.5255549084
3073515224,Republican,37181960900,43.3,37,37181960900,1188991.480542376,-441069.75331426546
1607821322,Democrat,37181960900,89.0,37,37181960900,1188991.480542376,-441069.75331426546
768185666,Democrat,37181960900,92.6,37,37181960900,1188991.480542376,-441069.75331426546
3824296650,Democrat,37181960900,96.2,37,37181960900,1188991.480542376,-441069.75331426546
1642580265,Republican,37025041501,14.2,37,37025041501,989398.7101206948,-565748.1288282129
2190018608,Democrat,37129011607,66.3,37,37129011607,1254649.581485514,-659879.8114834935
3301996135,Republican,37129011607,1.6,37,37129011607,1254649.581485514,-659879.8114834935
2672316975,Republican,37129012010,1.3,37,37129012010,1250763.594471166,-673996.9150776815
1712314838,Republican,37183054301,0.5,37,37183054301,1190733.5087045915,-488712.2977138289
2265255622,Republican,37183054301,1.35,37,37183054301,1190733.5087045915,-488712.2977138289
1973982005,Republican,37183054301,2.2,37,37183054301,1190733.5087045915,-488712.2977138289
2979248693,Republican,37081015200,1.9,37,37081015200,1079890.8302504902,-469692.14249679155
129622854,Republican,37081015200,3.25,37,37081015200,1079890.8302504902,-469692.14249679155
2619575713,Republican,37081015200,4.6,37,37081015200,1079890.8302504902,-469692.14249679155
3017090455,Democrat,37081015200,95.3,37,37081015200,1079890.8302504902,-469692.14249679155
1179245562,Republican,37153970200,37.6,37,37153970200,1064765.9147201085,-584195.1874998616
3456770758,Democrat,37153970200,97.7,37,37153970200,1064765.9147201085,-584195.1874998616
3559109607,Republican,37129012104,0.6,37,37129012104,1250407.6098723265,-680697.5954315506
192498682,Democrat,37063002027,83.8,37,37063002027,1142640.2930727853,-488136.8685784547
760258861,Democrat,37063002027,91.1,37,37063002027,1142640.2930727853,-488136.8685784547
2503128933,Democrat,37063002027,98.4,37,37063002027,1142640.2930727853,-488136.8685784547
917070703,Democrat,37067002702,78.0,37,37067002702,1016015.0274596618,-469636.20565911365
3984654416,Democrat,37067002702,87.3,37,37067002702,1016015.0274596618,-469636.20565911365
1293781108,Democrat,37067002702,96.6,37,37067002702,1016015.0274596618,-469636.20565911365
3915953791,Republican,37141920602,14.5,37,37141920602,1244563.2962997835,-647606.7196273793
291618617,Democrat,37017950400,56.5,37,37017950400,1178358.265486988,-631273.3548257154
3844959591,Democrat,37017950400,77.8,37,37017950400,1178358.265486988,-631273.3548257154
1499561739,Democrat,37017950400,99.1,37,37017950400,1178358.265486988,-631273.3548257154
688880132,Democrat,37143920100,95.4,37,37143920100,1363823.8641932483,-433705.98652235407
3991359517,Republican,37143920100,7.3,37,37143920100,1363823.8641932483,-433705.98652235407
2192901224,Republican,37057062002,5.7,37,37057062002,1035385.01564074,-529439.5427204242
2562634717,Democrat,37133000201,58.4,37,37133000201,1270660.65845178,-588927.5522431792
1530480682,Democrat,37133000201,76.2,37,37133000201,1270660.65845178,-588927.5522431792
1586067951,Democrat,37133000201,94.0,37,37133000201,1270660.65845178,-588927.5522431792
175715721,Democrat,37135011901,90.2,37,37135011901,1128137.9815414438,-485297.1399137504
2352225585,Democrat,37135011901,94.2,37,37135011901,1128137.9815414438,-485297.1399137504
4065683371,Democrat,37135011901,95.1,37,37135011901,1128137.9815414438,-485297.1399137504
2798810311,Democrat,37183053608,66.8,37,37183053608,1146348.5548093512,-494522.860775416
2520215336,Republican,37057061902,4.4,37,37057061902,1031845.7711592928,-514634.7476441413
320334175,Democrat,37057061902,97.7,37,37057061902,1031845.7711592928,-514634.7476441413
3218944098,Republican,37125951100,35.2,37,37125951100,1101002.8106014677,-579129.2947615971
2883432623,Republican,37157041002,1.3,37,37157041002,1050400.3295552523,-448455.201610228
1464506962,Republican,37157041002,1.6,37,37157041002,1050400.3295552523,-448455.201610228
661651347,Republican,37157041002,1.9,37,37157041002,1050400.3295552523,-448455.201610228
3410040681,Democrat,37131920300,92.4,37,37131920300,1264579.5820135034,-421701.24181181716
1922858170,Democrat,37131920300,95.1,37,37131920300,1264579.5820135034,-421701.24181181716
979354919,Democrat,37131920300,97.8,37,37131920300,1264579.5820135034,-421701.24181181716
3060366706,Republican,37179020902,4.7,37,37179020902,994675.3070444084,-615933.381279456
3917737216,Republican,37067002502,0.5,37,37067002502,1014463.7565325216,-476695.58846601646
293082646,Democrat,37063002023,93.6,37,37063002023,1137998.7606648377,-488135.65841145505
2738812408,Democrat,37139960200,96.4,37,37139960200,1379495.031409041,-425055.99375673936
2941251391,Democrat,37139960200,97.45,37,37139960200,1379495.031409041,-425055.99375673936
116613256,Democrat,37139960200,98.5,37,37139960200,1379495.031409041,-425055.99375673936
3775802795,Republican,37063001808,0.3,37,37063001808,1149155.7626819562,-482620.53017710143
793913399,Republican,37063001808,2.4,37,37063001808,1149155.7626819562,-482620.53017710143
2660293144,Republican,37063001808,4.5,37,37063001808,1149155.7626819562,-482620.53017710143
509743359,Democrat,37025042300,98.6,37,37025042300,994008.4294763141,-553378.6435116383
3146754962,Democrat,37007920100,94.8,37,37007920100,1055011.5224613063,-597832.2207216731
2260585253,Democrat,37183052803,92.2,37,37183052803,1170587.9947935813,-507244.50044706976
3833819237,Republican,37127010800,10.6,37,37127010800,1231999.608078889,-463433.1456805442
2641714664,Democrat,37045951503,82.2,37,37045951503,900532.3375829997,-578971.6636675083
1732205762,Democrat,37193960802,66.1,37,37193960802,928506.9384593492,-475702.01872704603
4167266232,Republican,37159051101,0.4,37,37159051101,1001375.302602378,-538731.6348239575
1449697584,Republican,37069060501,1.9,37,37069060501,1175358.4028124118,-470372.4483068885
1526285288,Democrat,37135010706,96.1,37,37135010706,1124759.5217311443,-487125.0796300532
4258470547,Republican,37003040500,24.1,37,37003040500,944327.844673518,-507154.9424208
717132474,Republican,37101041502,1.1,37,37101041502,1169642.0585027132,-527743.6054378081
3701363444,Democrat,37021002703,91.5,37,37021002703,819583.6353997715,-531805.0012841152
4095049833,Democrat,37087920600,96.3,37,37087920600,774910.9707914513,-551078.868569119
3000227044,Democrat,37105030102,98.9,37,37105030102,1117221.5085717463,-538018.8098739769
3227378253,Democrat,37081012504,68.9,37,37081012504,1054199.0575722286,-476751.47427505616
524378238,Democrat,37081012504,80.35,37,37081012504,1054199.0575722286,-476751.47427505616
2014845311,Democrat,37081012504,91.8,37,37081012504,1054199.0575722286,-476751.47427505616
754247,Democrat,37119001919,95.7,37,37119001919,979908.2282047208,-579860.2076617578
606230438,Republican,37183054211,1.7,37,37183054211,1181048.2999192495,-480371.60897730093
3005752388,Republican,37183054211,5.05,37,37183054211,1181048.2999192495,-480371.60897730093
4238353923,Republican,37183054211,8.4,37,37183054211,1181048.2999192495,-480371.60897730093
3060494374,Republican,37003040600,12.4,37,37003040600,935485.7537781759,-508668.3684420625
1612314799,Republican,37003040600,12.65,37,37003040600,935485.7537781759,-508668.3684420625
2216193749,Republican,37003040600,12.9,37,37003040600,935485.7537781759,-508668.3684420625
4895776,Democrat,37171931003,54.9,37,37171931003,972903.9308665744,-455205.5487423709
320451800,Republican,37171931003,19.3,37,37171931003,972903.9308665744,-455205.5487423709
181562341,Republican,37183051800,19.1,37,37183051800,1166896.42333156,-497967.6897181206
320251247,Republican,37035010303,1.1,37,37035010303,929558.397535616,-520106.7837776982
176999544,Democrat,37159050800,98.7,37,37159050800,1006736.735047168,-524068.32982140343
1391013474,Republican,37159050800,23.9,37,37159050800,1006736.735047168,-524068.32982140343
2453930413,Democrat,37067002801,80.5,37,37067002801,1005056.1513765024,-463208.1127473306
624722414,Democrat,37167930500,76.3,37,37167930500,1025277.5808242976,-556214.08495471
4086458221,Republican,37159051302,3.5,37,37159051302,1001397.8311990232,-518313.4149003328
1402801258,Republican,37159051302,6.45,37,37159051302,1001397.8311990232,-518313.4149003328
2611162670,Republican,37159051302,9.4,37,37159051302,1001397.8311990232,-518313.4149003328
1073914353,Democrat,37159051302,84.5,37,37159051302,1001397.8311990232,-518313.4149003328
1994265796,Democrat,37031970702,97.6,37,37031970702,1333285.5190073892,-595682.3493491096
3454543799,Democrat,37063001001,96.8,37,37063001001,1143258.8244114816,-480282.3837099996
2679898474,Republican,37129011500,29.5,37,37129011500,1242257.784814679,-658075.5997658805
4245166328,Republican,37129011603,5.0,37,37129011603,1248528.8655152034,-658350.7657179702
1165285130,Republican,37129011603,5.25,37,37129011603,1248528.8655152034,-658350.7657179702
657149351,Republican,37129011603,5.5,37,37129011603,1248528.8655152034,-658350.7657179702
3723790625,Republican,37073970200,48.1,37,37073970200,1332280.7913492136,-409905.63688958425
522634677,Republican,37021003001,0.9,37,37021003001,823319.4712415396,-539472.583575995
334589082,Republican,37025042503,5.3,37,37025042503,987297.5771384112,-555493.2081003541
2637626999,Republican,37069060802,10.4,37,37069060802,1198174.5331339857,-485829.6149191162
1954534036,Republican,37145920601,6.0,37,37145920601,1122681.8072736445,-442132.9498138849
1831675656,Democrat,37145920601,69.9,37,37145920601,1122681.8072736445,-442132.9498138849
2337255203,Republican,37057060900,1.9,37,37057060900,1034250.6263788092,-501301.3920065981
823892662,Republican,37019020305,1.9,37,37019020305,1237651.405999825,-701085.0851759358
1243438058,Republican,37019020305,13.850000000000001,37,37019020305,1237651.405999825,-701085.0851759358
871645863,Republican,37019020305,25.8,37,37019020305,1237651.405999825,-701085.0851759358
3025406036,Republican,37119005844,1.1,37,37119005844,974379.017546997,-598438.7796489636
3897705365,Republican,37133000401,0.5,37,37133000401,1278788.8256837172,-629118.4089651664
1546122463,Democrat,37147001200,60.6,37,37147001200,1291070.9541997416,-528654.3218553517
3537871221,Democrat,37147001200,77.85,37,37147001200,1291070.9541997416,-528654.3218553517
1007544652,Democrat,37147001200,95.1,37,37147001200,1291070.9541997416,-528654.3218553517
2008883188,Republican,37119005812,0.5,37,37119005812,982338.649168885,-586091.1399776508
1595319584,Republican,37133000402,9.3,37,37133000402,1290660.3131872888,-628340.7287843411
1239335085,Republican,37183053411,0.5,37,37183053411,1142857.836702829,-501206.3677368072
1045931988,Republican,37183053411,0.65,37,37183053411,1142857.836702829,-501206.3677368072
3462440293,Republican,37183053411,0.8,37,37183053411,1142857.836702829,-501206.3677368072
2535900472,Democrat,37183053411,75.6,37,37183053411,1142857.836702829,-501206.3677368072
1874680250,Republican,37189920800,2.2,37,37189920800,889712.8768426767,-479272.5099283648
3980206259,Democrat,37067004103,97.4,37,37067004103,1007606.802490712,-473245.0305867833
2154936864,Democrat,37067003103,79.6,37,37067003103,1033840.8167199307,-466064.8391997965
1841508581,Republican,37071030101,1.0,37,37071030101,956314.0828807872,-560593.7467883487
284985363,Republican,37071030101,1.25,37,37071030101,956314.0828807872,-560593.7467883487
2719396092,Republican,37071030101,1.5,37,37071030101,956314.0828807872,-560593.7467883487
27820605,Republican,37019020201,2.1,37,37019020201,1238875.8552020744,-669433.0521413928
1619009775,Democrat,37025040702,91.4,37,37025040702,992085.0699153892,-546372.879157185
2340316896,Republican,37179020314,6.0,37,37179020314,984771.285722243,-592433.0887800304
2115102598,Republican,37119005828,25.1,37,37119005828,969941.7816696134,-589754.8084496013
4162873005,Democrat,37119005828,64.0,37,37119005828,969941.7816696134,-589754.8084496013
2684997620,Republican,37149920200,2.0,37,37149920200,846851.5915324215,-571796.8943550839
3452747635,Republican,37183054403,47.7,37,37183054403,1186091.228753827,-493696.9765258763
932976606,Democrat,37183054403,98.4,37,37183054403,1186091.228753827,-493696.9765258763
1182167437,Republican,37001021600,7.7,37,37001021600,1084783.6675612421,-467634.33931008243
2811848775,Republican,37071031301,0.4,37,37071031301,945660.4357722987,-570344.2053436221
599432372,Democrat,37153970300,94.9,37,37153970300,1067830.5407533657,-598285.2553795105
2114555307,Democrat,37153970300,95.55000000000001,37,37153970300,1067830.5407533657,-598285.2553795105
3995247568,Democrat,37153970300,96.2,37,37153970300,1067830.5407533657,-598285.2553795105
3410078006,Democrat,37153970100,83.2,37,37153970100,1083962.9950048954,-589036.728109121
625654521,Democrat,37021002401,98.2,37,37021002401,796321.740416332,-556111.94043062
3479075508,Republican,37045950400,0.4,37,37045950400,923591.4923331124,-577544.0203899292
2354764842,Republican,37051001800,0.9,37,37051001800,1145557.581892795,-585756.6804593125
147653869,Democrat,37119005524,70.9,37,37119005524,976626.2284376652,-568138.4401357055
2414155719,Republican,37119005524,1.3,37,37119005524,976626.2284376652,-568138.4401357055
3760605183,Democrat,37063000200,98.9,37,37063000200,1142217.615502927,-477658.60498178616
4251386037,Republican,37019020603,1.3,37,37019020603,1222966.6268743195,-692199.8758698099
3265447518,Republican,37019020603,5.3,37,37019020603,1222966.6268743195,-692199.8758698099
3789548940,Republican,37019020603,9.3,37,37019020603,1222966.6268743195,-692199.8758698099
125837823,Republican,37023021201,39.5,37,37023021201,900545.7391110453,-527863.3818911011
2423748469,Republican,37081010401,8.7,37,37081010401,1058933.6444730454,-474819.0540539468
4075733733,Republican,37081016502,0.7,37,37081016502,1051928.7137445114,-485073.9503716237
1999447139,Republican,37071030203,23.2,37,37071030203,948866.3405762169,-559717.9541715028
3518987777,Republican,37097061405,0.4,37,37097061405,965083.505751338,-539444.5673537964
2092837257,Republican,37097061405,3.8499999999999996,37,37097061405,965083.505751338,-539444.5673537964
4079585133,Republican,37097061405,7.3,37,37097061405,965083.505751338,-539444.5673537964
3192044722,Democrat,37169070100,98.2,37,37169070100,1029980.6652394008,-437203.52039843646
846275890,Republican,37169070100,1.5,37,37169070100,1029980.6652394008,-437203.52039843646
3485874350,Democrat,37101040201,97.0,37,37101040201,1203346.5673814323,-504999.4254898853
3837089104,Republican,37101040201,14.3,37,37101040201,1203346.5673814323,-504999.4254898853
1205949840,Democrat,37119005604,94.1,37,37119005604,980038.19979045,-567252.5670210653
777537159,Democrat,37129012008,60.0,37,37129012008,1248841.5183059357,-674730.3214623408
2758896820,Democrat,37129012008,76.75,37,37129012008,1248841.5183059357,-674730.3214623408
2215083909,Democrat,37129012008,93.5,37,37129012008,1248841.5183059357,-674730.3214623408
437284696,Republican,37129010502,31.3,37,37129010502,1248464.0999885777,-667306.8685464525
3924553132,Democrat,37025042102,68.7,37,37025042102,993273.6561251868,-558710.1665588971
3048658537,Democrat,37099950400,90.4,37,37099950400,757127.824428655,-571346.0880249239
2607309918,Republican,37099950400,3.3,37,37099950400,757127.824428655,-571346.0880249239
4185024871,Republican,37119005917,11.5,37,37119005917,960911.4222569586,-590376.052685349
3599812908,Republican,37179021008,1.1,37,37179021008,977626.6569297223,-604386.1538986547
2882651693,Democrat,37179021008,93.5,37,37179021008,977626.6569297223,-604386.1538986547
2277769644,Democrat,37119003006,90.7,37,37119003006,973040.4105695679,-586574.9937849555
3799564271,Republican,37089930703,3.5,37,37089930703,810913.3132413536,-573145.0734018021
438762805,Republican,37183053201,24.1,37,37183053201,1155938.7088654179,-515349.0137822382
1279590434,Democrat,37045951300,98.6,37,37045951300,903170.176957886,-569976.3608789318
895903444,Republican,37119005612,2.0,37,37119005612,982364.3832151423,-567772.7751891972
182577145,Democrat,37183054500,98.8,37,37183054500,1165824.935363772,-505403.8168525914
4146084004,Republican,37013930502,18.8,37,37013930502,1319442.7351722007,-512999.3737166175
1360566502,Democrat,37019020309,94.6,37,37019020309,1229205.0976762262,-703235.4582009665
225176439,Republican,37151030503,3.4,37,37151030503,1053191.581123561,-510331.919549342
338737705,Republican,37019020204,0.9,37,37019020204,1232547.4939025634,-691126.4834832831
628011370,Republican,37097060801,2.2,37,37097060801,973165.7234075776,-490084.5332171119
2987674706,Democrat,37049961100,93.6,37,37049961100,1323211.32364112,-585550.2169324182
3325549192,Democrat,37037020702,76.6,37,37037020702,1133970.2963188195,-516741.14413155365
3520315697,Republican,37037020702,0.3,37,37037020702,1133970.2963188195,-516741.14413155365
808474745,Republican,37037020702,2.25,37,37037020702,1133970.2963188195,-516741.14413155365
2667263636,Republican,37037020702,4.2,37,37037020702,1133970.2963188195,-516741.14413155365
2463443118,Republican,37179021011,1.4,37,37179021011,985805.7842289,-600799.2103185919
3705603206,Republican,37101041201,26.5,37,37101041201,1188359.1919318317,-532836.0306117183
2121014216,Democrat,37101041201,91.8,37,37101041201,1188359.1919318317,-532836.0306117183
3549845473,Democrat,37161960500,92.2,37,37161960500,868363.6699355481,-565625.7872846868
385906643,Republican,37161960500,8.4,37,37161960500,868363.6699355481,-565625.7872846868
1523904144,Republican,37087920102,18.6,37,37087920102,777113.6912510695,-535590.8425490435
3186211228,Democrat,37147000702,98.8,37,37147000702,1281040.7241093612,-511612.85505748034
1624358233,Democrat,37021001100,95.0,37,37021001100,810701.2511459991,-545711.2944615581
539035781,Republican,37021001100,22.2,37,37021001100,810701.2511459991,-545711.2944615581
977920032,Democrat,37183053009,98.7,37,37183053009,1163963.3240421386,-510861.5957525618
345792126,Republican,37123960300,1.4,37,37123960300,1044123.4967871731,-549558.9576308315
1390769929,Republican,37123960300,14.250000000000002,37,37123960300,1044123.4967871731,-549558.9576308315
2546450170,Republican,37123960300,27.1,37,37123960300,1044123.4967871731,-549558.9576308315
3566381974,Democrat,37119005401,90.4,37,37119005401,969824.3925228984,-569420.4636519084
2915651146,Democrat,37119005401,94.80000000000001,37,37119005401,969824.3925228984,-569420.4636519084
673621317,Democrat,37119005401,99.2,37,37119005401,969824.3925228984,-569420.4636519084
2405149513,Democrat,37179020501,76.9,37,37179020501,996953.8909627544,-603309.7505672906
2301378902,Democrat,37119006304,98.2,37,37119006304,973005.8313248269,-553142.94285123
3631098976,Republican,37119006304,0.4,37,37119006304,973005.8313248269,-553142.94285123
1739782547,Republican,37035010401,14.7,37,37035010401,925613.1681862472,-519918.9682873159
2573350623,Republican,37035010401,17.95,37,37035010401,925613.1681862472,-519918.9682873159
1527179705,Republican,37035010401,21.2,37,37035010401,925613.1681862472,-519918.9682873159
1744113591,Democrat,37021002606,98.6,37,37021002606,804318.3532062984,-538182.2208249625
2857424517,Democrat,37021002606,98.8,37,37021002606,804318.3532062984,-538182.2208249625
4085960220,Democrat,37021002606,99.0,37,37021002606,804318.3532062984,-538182.2208249625
1833684492,Republican,37021002606,34.9,37,37021002606,804318.3532062984,-538182.2208249625
1125235157,Republican,37087921302,11.0,37,37087921302,789926.7443142096,-563423.0292397761
42850790,Republican,37087921302,22.0,37,37087921302,789926.7443142096,-563423.0292397761
3337780285,Republican,37087921302,45.0,37,37087921302,789926.7443142096,-563423.0292397761
3669867664,Democrat,37087921302,83.0,37,37087921302,789926.7443142096,-563423.0292397761
2465918295,Republican,37129012001,12.2,37,37129012001,1253240.8470342907,-669667.6092872293
563641291,Republican,37105030601,0.4,37,37105030601,1113613.8966331477,-533693.4131288128
348543990,Republican,37025041302,31.4,37,37025041302,980971.5318852323,-553781.3519010558
1404158814,Republican,37101040500,0.4,37,37101040500,1210582.5354653026,-535188.8802660581
2681443176,Republican,37073970100,45.7,37,37073970100,1343310.7001940946,-413217.37816141336
1404083117,Republican,37001021902,7.4,37,37001021902,1103396.757353985,-494103.9802226958
21939511,Democrat,37119001607,98.9,37,37119001607,979902.4359472323,-577507.7202179286
2764628373,Republican,37081016010,1.6,37,37081016010,1050086.8114461822,-473432.5306976068
522966282,Democrat,37081016010,90.4,37,37081016010,1050086.8114461822,-473432.5306976068
1765794677,Republican,37067003906,24.9,37,37067003906,1012267.2661762972,-476688.5020981942
1336483857,Republican,37197050102,0.3,37,37197050102,986662.0011498651,-465170.9253332861
1033687383,Republican,37057061702,0.5,37,37057061702,1007009.2827239792,-508960.3780525325
399850494,Democrat,37119001701,76.3,37,37119001701,976203.8878643692,-577670.7175365372
1592001802,Democrat,37025042101,72.2,37,37025042101,993763.4413528693,-556275.6993994417
119014803,Democrat,37119005825,93.2,37,37119005825,967808.7058606008,-593563.6049811317
4043766881,Republican,37059080200,0.4,37,37059080200,995314.0873454356,-487352.472316883
1774797002,Republican,37059080200,4.7,37,37059080200,995314.0873454356,-487352.472316883
1239495651,Republican,37119005823,33.2,37,37119005823,981548.0822131005,-593437.9135133344
1203201852,Republican,37119005823,34.900000000000006,37,37119005823,981548.0822131005,-593437.9135133344
3177373443,Republican,37119005823,36.6,37,37119005823,981548.0822131005,-593437.9135133344
2272815365,Republican,37001021500,3.5,37,37001021500,1087247.1013428662,-460630.9246522515
3981674043,Democrat,37097061304,92.7,37,37097061304,968976.5102342988,-533341.7009120608
3442096781,Democrat,37097061304,94.75,37,37097061304,968976.5102342988,-533341.7009120608
2956365659,Democrat,37097061304,96.8,37,37097061304,968976.5102342988,-533341.7009120608
524409905,Republican,37031970903,0.9,37,37031970903,1329368.476734066,-608270.388507612
3552585950,Democrat,37161961000,55.9,37,37161961000,886968.8992114378,-566645.7334901233
3349616546,Democrat,37037020105,99.3,37,37037020105,1123425.4690583157,-498370.4095075464
1369916983,Republican,37151030201,12.9,37,37151030201,1062124.11131782,-518070.6511261451
3122731824,Republican,37067002806,36.0,37,37067002806,1015918.3714599779,-466933.0362807411
1370136408,Republican,37119005832,5.6,37,37119005832,979130.2857133657,-589869.9286265679
3612786324,Republican,37085071303,2.0,37,37085071303,1136255.0678082777,-559041.4014403999
703579129,Republican,37085071303,7.4,37,37085071303,1136255.0678082777,-559041.4014403999
1214869368,Republican,37085071303,10.8,37,37085071303,1136255.0678082777,-559041.4014403999
3509080503,Democrat,37035011801,71.1,37,37035011801,918683.5684928049,-531703.6327522136
103416730,Republican,37081016600,0.6,37,37081016600,1050301.7175966466,-492174.1789540322
2127781078,Democrat,37051003103,83.8,37,37051003103,1142135.3634852094,-594182.6286426268
3351500730,Democrat,37081015300,60.8,37,37081015300,1073486.4251634495,-473134.38820841326
340259118,Democrat,37081015300,77.75,37,37081015300,1073486.4251634495,-473134.38820841326
2397861213,Democrat,37081015300,94.7,37,37081015300,1073486.4251634495,-473134.38820841326
1629499503,Democrat,37019020103,52.6,37,37019020103,1232638.464260541,-668293.8433524683
3830470450,Democrat,37071032401,75.1,37,37071032401,952568.6775024808,-577212.6130221394
1954698351,Democrat,37085070200,92.7,37,37085070200,1176925.247165843,-550838.7852472917
2550688463,Republican,37085070200,0.3,37,37085070200,1176925.247165843,-550838.7852472917
1689024972,Democrat,37199960400,91.2,37,37199960400,825636.6589286744,-501898.3942807825
3310297412,Republican,37199960400,48.3,37,37199960400,825636.6589286744,-501898.3942807825
893462193,Democrat,37193960300,99.0,37,37193960300,943295.6875917008,-466532.3392459502
2028953025,Democrat,37055970200,89.7,37,37055970200,1429805.4907350668,-447657.0518411757
1301398986,Democrat,37191000402,97.5,37,37191000402,1234891.1937203459,-546827.6501451937
3233194549,Democrat,37081015100,97.2,37,37081015100,1075185.6287412737,-460431.0544497961
85673283,Republican,37001021801,0.5,37,37001021801,1087570.7130216674,-484358.5277122914
471197518,Republican,37001021801,1.05,37,37001021801,1087570.7130216674,-484358.5277122914
854519637,Republican,37001021801,1.6,37,37001021801,1087570.7130216674,-484358.5277122914
2211594670,Democrat,37071033100,77.8,37,37071033100,936371.8605114744,-575651.7860181327
616359102,Republican,37071033100,18.8,37,37071033100,936371.8605114744,-575651.7860181327
936205918,Republican,37111970700,16.3,37,37111970700,847371.4641825578,-532014.5537983485
2315197058,Democrat,37063001711,98.9,37,37063001711,1137809.4178626342,-472443.337567015
180389069,Republican,37023020202,44.4,37,37023020202,887104.467332295,-520065.8225977221
3708140807,Democrat,37119001912,94.5,37,37119001912,981446.1619081841,-577009.7784971592
744279748,Democrat,37019020304,75.7,37,37019020304,1231915.0804942427,-700206.0681077066
94497466,Republican,37019020304,1.1,37,37019020304,1231915.0804942427,-700206.0681077066
1342361673,Republican,37085070402,1.1,37,37085070402,1169875.5549892387,-542120.8804458901
2385642620,Republican,37169070300,42.2,37,37169070300,1005755.8277392541,-435764.69158033695
1546325639,Democrat,37019020104,51.2,37,37019020104,1237769.122718125,-665720.8008634566
2059663808,Democrat,37063002020,81.1,37,37063002020,1138146.4702629999,-492052.1698191117
1385523521,Republican,37063002020,2.3,37,37063002020,1138146.4702629999,-492052.1698191117
4129143944,Democrat,37021001400,93.3,37,37021001400,810172.9818715412,-542278.0163419326
1231714960,Democrat,37119005617,98.7,37,37119005617,983504.8687820795,-573685.424610995
2835310273,Republican,37097061602,8.4,37,37097061602,970716.0553892548,-539669.0555265781
3559906719,Republican,37097061204,2.7,37,37097061204,962864.0338465859,-532114.3934558397
410498978,Republican,37081015902,9.4,37,37081015902,1040243.3165275572,-465340.6129310429
1722978229,Democrat,37119004500,98.1,37,37119004500,968382.2320493164,-573541.8159563593
4219882156,Republican,37081014412,3.5,37,37081014412,1044393.3951559372,-486241.2739550358
1203751612,Democrat,37067002200,94.3,37,37067002200,1015843.3372447843,-478150.961581095
922602425,Democrat,37119005610,99.3,37,37119005610,982989.1119844865,-565084.3487739777
997224928,Republican,37163970100,0.8,37,37163970100,1208703.9008176995,-574576.6355182093
602145750,Republican,37155961801,5.6,37,37155961801,1121062.1434695907,-633311.8659016854
2868637438,Republican,37157040502,0.8,37,37157040502,1057057.2139582734,-431157.4001432368
1745641149,Democrat,37081012804,98.6,37,37081012804,1060663.7766726152,-482000.9913505011
1893612034,Democrat,37119006104,93.6,37,37119006104,964685.3248715412,-567595.8459328627
2797339456,Democrat,37181960500,65.4,37,37181960500,1181748.875424927,-438359.7735214137
3646392316,Republican,37183053721,5.2,37,37183053721,1159300.7177227784,-486277.6388832647
736762598,Republican,37189920703,1.2,37,37189920703,894648.7118101806,-472290.05119864654
3654678810,Democrat,37183053008,98.2,37,37183053008,1160695.9789332913,-508237.7926109852
2941327674,Republican,37183053008,4.6,37,37183053008,1160695.9789332913,-508237.7926109852
1854005030,Democrat,37195001600,69.0,37,37195001600,1216477.79541858,-511793.1399451498
1277089723,Democrat,37063002021,97.1,37,37063002021,1137782.0806839748,-489503.4463747518
236315943,Republican,37021002204,6.5,37,37021002204,815438.2205038369,-554140.2613913261
2915309766,Democrat,37039930100,98.4,37,37039930100,703789.2188162247,-590161.5330024963
3518479349,Republican,37183053416,4.5,37,37183053416,1147071.5815968008,-506478.8860235418
2320769184,Democrat,37183053416,83.1,37,37183053416,1147071.5815968008,-506478.8860235418
1276333803,Democrat,37081016006,89.9,37,37081016006,1051573.9378964049,-470350.4075810657
884335253,Republican,37119005911,0.3,37,37119005911,955441.3868959212,-593954.8072855506
2010879582,Republican,37119005911,8.700000000000001,37,37119005911,955441.3868959212,-593954.8072855506
90328971,Republican,37119005911,17.1,37,37119005911,955441.3868959212,-593954.8072855506
3620903784,Democrat,37183053418,99.2,37,37183053418,1149050.3769164758,-507412.68561334326
4062454485,Democrat,37117970600,83.6,37,37117970600,1290468.57562447,-485204.18194687116
423532556,Democrat,37117970600,89.4,37,37117970600,1290468.57562447,-485204.18194687116
3973829048,Democrat,37117970600,95.2,37,37117970600,1290468.57562447,-485204.18194687116
4105801008,Republican,37183054004,49.2,37,37183054004,1168256.1730291191,-492154.8394974243
1635068025,Republican,37101041503,0.4,37,37101041503,1172624.2483713771,-534257.3587994743
2736758923,Republican,37101041503,0.75,37,37101041503,1172624.2483713771,-534257.3587994743
3186936478,Republican,37101041503,1.1,37,37101041503,1172624.2483713771,-534257.3587994743
4209761685,Republican,37159051700,18.7,37,37159051700,993037.0643942776,-536226.4990853452
3699534163,Republican,37087920400,17.4,37,37087920400,786410.7718240555,-551675.058201864
1566418371,Republican,37087920400,17.85,37,37087920400,786410.7718240555,-551675.058201864
2228848200,Republican,37087920400,18.3,37,37087920400,786410.7718240555,-551675.058201864
1907015894,Democrat,37071030902,84.0,37,37071030902,941968.600928734,-568901.5988839412
2213282729,Republican,37063001809,15.9,37,37063001809,1146735.1891022904,-484697.9939766968
3062878785,Republican,37067002904,10.0,37,37067002904,1024098.4732972385,-463013.8764747274
1913649322,Democrat,37031970103,98.0,37,37031970103,1366487.9069156302,-598115.7244898048
630724302,Republican,37063002028,25.0,37,37063002028,1147594.47366423,-489539.221113806
82377808,Republican,37171931200,27.1,37,37171931200,995951.4031460606,-448077.6172661898
704214580,Republican,37129010600,8.1,37,37129010600,1247428.4333714293,-669502.3862810724
1386679509,Republican,37129010600,12.100000000000001,37,37129010600,1247428.4333714293,-669502.3862810724
2362583246,Republican,37129010600,16.1,37,37129010600,1247428.4333714293,-669502.3862810724
801582991,Republican,37157040602,0.6,37,37157040602,1049813.1562209728,-436896.8688149597
4254822052,Republican,37157040602,8.95,37,37157040602,1049813.1562209728,-436896.8688149597
2699363232,Republican,37157040602,17.3,37,37157040602,1049813.1562209728,-436896.8688149597
1474505721,Republican,37019020504,45.5,37,37019020504,1188014.894248256,-703720.5713749542
3067287116,Republican,37049960401,1.1,37,37049960401,1306855.7910836416,-563823.6788929651
692464216,Republican,37133000102,3.6,37,37133000102,1311216.7720975876,-607376.8603375333
2803287132,Democrat,37133000102,57.1,37,37133000102,1311216.7720975876,-607376.8603375333
1376344491,Republican,37035011300,1.8,37,37035011300,936654.457732018,-528968.7938714569
1559648173,Republican,37035010102,26.8,37,37035010102,938376.5682033028,-523349.1511817118
3413581375,Democrat,37183053602,83.7,37,37183053602,1144717.890606433,-495743.0472636628
3991698,Democrat,37021002000,79.5,37,37021002000,816945.9847929416,-546721.3721776898
2354070814,Democrat,37021002000,88.85,37,37021002000,816945.9847929416,-546721.3721776898
1652142606,Democrat,37021002000,98.2,37,37021002000,816945.9847929416,-546721.3721776898
2152167923,Republican,37081014502,1.2,37,37081014502,1045439.9861893168,-493115.35991379607
2483122122,Republican,37183053205,0.9,37,37183053205,1152506.685828097,-519178.1042624153
1187004728,Democrat,37183053205,95.3,37,37183053205,1152506.685828097,-519178.1042624153
1204265270,Democrat,37183051900,98.6,37,37183051900,1169598.3319796384,-499791.44084366615
101010209,Republican,37183052904,49.9,37,37183052904,1165952.5643977618,-519742.435844
2850284611,Democrat,37183052904,98.7,37,37183052904,1165952.5643977618,-519742.435844
1709306183,Republican,37067003108,11.7,37,37067003108,1036258.4771557952,-469604.26799963036
1132880494,Republican,37183052809,37.4,37,37183052809,1175680.8285551271,-513139.10803362075
144185188,Republican,37061090502,1.1,37,37061090502,1254609.4306076844,-593205.4597949742
1228846210,Republican,37061090502,1.15,37,37061090502,1254609.4306076844,-593205.4597949742
579373073,Republican,37061090502,1.2,37,37061090502,1254609.4306076844,-593205.4597949742
64723620,Republican,37171930102,27.4,37,37171930102,993231.1238894544,-440393.13202897593
339083253,Republican,37171930102,29.049999999999997,37,37171930102,993231.1238894544,-440393.13202897593
2060065172,Republican,37171930102,30.7,37,37171930102,993231.1238894544,-440393.13202897593
4254046420,Republican,37161960700,16.0,37,37161960700,878249.529137208,-566398.3895555438
1428780950,Democrat,37119002906,98.8,37,37119002906,972185.766069963,-583620.720446122
1458780108,Republican,37027030800,0.5,37,37027030800,901666.0648365908,-513706.5972307602
2093395356,Democrat,37097061601,50.3,37,37097061601,971060.1543045512,-536362.2594852048
4135028412,Democrat,37071033202,83.8,37,37071033202,940275.6437890236,-579445.2820351197
2216888190,Republican,37085071204,25.1,37,37085071204,1143493.0387596271,-556867.5253333721
2233436083,Democrat,37183054209,93.4,37,37183054209,1175957.994202715,-485938.9777309315
548704129,Democrat,37183054209,95.55000000000001,37,37183054209,1175957.994202715,-485938.9777309315
2593754418,Democrat,37183054209,97.7,37,37183054209,1175957.994202715,-485938.9777309315
3085247070,Republican,37057060400,0.2,37,37057060400,1022142.682032802,-499489.9994494185
1139342592,Republican,37057060400,3.0,37,37057060400,1022142.682032802,-499489.9994494185
3590029850,Republican,37057060400,5.8,37,37057060400,1022142.682032802,-499489.9994494185
3945956896,Republican,37081017200,0.7,37,37081017200,1076369.3091358421,-480517.08521313133
1344700859,Republican,37081017200,12.299999999999999,37,37081017200,1076369.3091358421,-480517.08521313133
3428807827,Republican,37081017200,23.9,37,37081017200,1076369.3091358421,-480517.08521313133
616731544,Democrat,37081015707,97.8,37,37081015707,1056725.4195071985,-468672.2035151591
3680451792,Republican,37035011701,0.3,37,37035011701,929842.6557285831,-529997.0620630998
3338889446,Democrat,37119001802,98.6,37,37119001802,977266.4477640956,-579570.0421043229
1836268611,Republican,37119001802,28.2,37,37119001802,977266.4477640956,-579570.0421043229
1437076347,Democrat,37077970300,89.0,37,37077970300,1162003.8803713713,-445758.1529961715
2963635839,Democrat,37077970300,93.9,37,37077970300,1162003.8803713713,-445758.1529961715
1728678926,Democrat,37077970300,98.8,37,37077970300,1162003.8803713713,-445758.1529961715
115441066,Democrat,37107011100,53.3,37,37107011100,1248392.6531276226,-548168.2861032039
802366746,Republican,37107011100,20.1,37,37107011100,1248392.6531276226,-548168.2861032039
2295431493,Republican,37107011100,34.900000000000006,37,37107011100,1248392.6531276226,-548168.2861032039
1342130197,Republican,37107011100,49.7,37,37107011100,1248392.6531276226,-548168.2861032039
2962985493,Democrat,37167930900,78.8,37,37167930900,1017889.640782207,-572983.9910470058
3613691370,Republican,37057061804,0.5,37,37057061804,1017584.6746974221,-520888.4399544728
430484301,Democrat,37179020306,97.6,37,37179020306,993265.7939879608,-593019.3640145877
3314645867,Republican,37107011001,21.1,37,37107011001,1257836.8652678337,-551649.0700996191
1304686266,Republican,37119005521,36.6,37,37119005521,981507.4480911464,-562786.5960117496
592334368,Democrat,37119005521,98.5,37,37119005521,981507.4480911464,-562786.5960117496
2230010961,Republican,37063002008,7.3,37,37063002008,1136557.711908838,-485548.2207907143
2578360388,Republican,37067003107,0.4,37,37067003107,1032762.9056963156,-469971.3459771046
2260446952,Democrat,37089930300,87.2,37,37089930300,829334.4017736934,-571382.9460765985
3405507467,Democrat,37093970300,65.7,37,37093970300,1120261.1882489726,-593476.764082538
927667566,Democrat,37163970302,88.2,37,37163970302,1178145.0623595186,-574802.9623719002
2318878515,Democrat,37119005614,98.3,37,37119005614,984274.8285247576,-567220.7063479847
3690961378,Democrat,37067002603,55.8,37,37067002603,1012555.2352669084,-472999.9996405278
2313127392,Democrat,37183053412,96.6,37,37183053412,1142035.1305814718,-505855.8438654339
3426601791,Democrat,37135011700,95.6,37,37135011700,1127577.3069016307,-490691.09126047813
4262018899,Republican,37179021013,29.1,37,37179021013,980824.509825884,-608201.0456284793
2234091911,Republican,37125950601,0.4,37,37125950601,1092613.365525867,-571616.0838316763
258929146,Republican,37125950601,0.8,37,37125950601,1092613.365525867,-571616.0838316763
3287664971,Republican,37125950601,1.2,37,37125950601,1092613.365525867,-571616.0838316763
2290350739,Democrat,37119005519,88.7,37,37119005519,979521.6003013995,-560043.6365026786
683716425,Democrat,37119005404,98.8,37,37119005404,973404.3639577208,-569631.2452986034
2109645714,Republican,37183053424,49.0,37,37183053424,1148627.4762684586,-503976.75456388533
3418698242,Republican,37019020306,1.6,37,37019020306,1241610.9796908752,-698368.3296781515
1972667805,Democrat,37183052503,97.3,37,37183052503,1159444.014645792,-496057.3051826847
2191389271,Democrat,37057060800,99.0,37,37057060800,1033370.2112615362,-499253.02457824
2563398108,Democrat,37051003700,83.3,37,37051003700,1156205.3243420247,-564896.1748150706
389962231,Democrat,37183052901,98.8,37,37183052901,1165753.8638160576,-524832.974789554
3499740237,Democrat,37001020702,85.3,37,37001020702,1089909.657944132,-475625.3784874032
4161055918,Republican,37147002002,0.4,37,37147002002,1281490.3979424054,-494455.4126625956
2030780745,Republican,37147002002,4.1,37,37147002002,1281490.3979424054,-494455.4126625956
3818873927,Republican,37147002002,7.8,37,37147002002,1281490.3979424054,-494455.4126625956
1281350121,Republican,37051003310,26.9,37,37051003310,1139435.4020676592,-582642.416035631
4119093950,Democrat,37057060201,98.1,37,37057060201,1026191.3535950414,-491606.1644938771
4087300006,Republican,37057060201,5.5,37,37057060201,1026191.3535950414,-491606.1644938771
3053176308,Republican,37183054017,30.5,37,37183054017,1169924.9094443172,-489675.8978551439
297504711,Democrat,37183051400,77.5,37,37183051400,1163189.2940440706,-499699.78578547173
4258720227,Republican,37045951501,17.3,37,37045951501,893402.0830697352,-578175.3271336125
2790098522,Democrat,37165010500,86.9,37,37165010500,1089438.4630129456,-617252.1684269757
2237685690,Democrat,37147000603,93.4,37,37147000603,1278779.2536448415,-515803.4139249015
2129110909,Republican,37179020702,12.4,37,37179020702,1009738.4772491516,-606045.4887754732
666864308,Republican,37179020702,13.55,37,37179020702,1009738.4772491516,-606045.4887754732
3029110772,Republican,37179020702,14.7,37,37179020702,1009738.4772491516,-606045.4887754732
2411019610,Republican,37067003500,0.8,37,37067003500,1023034.1325414005,-483408.9419461898
2062169436,Republican,37101040600,23.4,37,37101040600,1200074.0160513902,-534441.5944049064
1604654738,Republican,37101040600,33.8,37,37101040600,1200074.0160513902,-534441.5944049064
570180325,Republican,37101040600,44.2,37,37101040600,1200074.0160513902,-534441.5944049064
1024344406,Democrat,37067000301,99.2,37,37067000301,1018524.7449675332,-475143.5004126465
3280432512,Democrat,37151030600,95.7,37,37151030600,1054168.4877321308,-522059.8967205933
3655522843,Republican,37081016204,8.1,37,37081016204,1042714.6694197872,-478768.6503755537
3205923851,Democrat,37081013700,89.4,37,37081013700,1040122.3911232734,-489614.18148056616
2699172287,Democrat,37081013700,94.4,37,37081013700,1040122.3911232734,-489614.18148056616
2417460135,Democrat,37081013700,97.0,37,37081013700,1040122.3911232734,-489614.18148056616
2694601801,Republican,37107011002,1.7,37,37107011002,1254995.5091688992,-544630.2721734573
4257257713,Republican,37163970200,4.3,37,37163970200,1193722.3215792023,-564694.5874595492
2647944998,Democrat,37101040203,97.9,37,37101040203,1190466.570251886,-510019.16721194773
465579037,Republican,37101040203,0.5,37,37101040203,1190466.570251886,-510019.16721194773
478970213,Republican,37101040203,1.4,37,37101040203,1190466.570251886,-510019.16721194773
1214128970,Republican,37101040203,2.3,37,37101040203,1190466.570251886,-510019.16721194773
1744882385,Republican,37017950100,1.3,37,37017950100,1197068.8548853516,-627058.2815894795
843000941,Republican,37017950100,1.7999999999999998,37,37017950100,1197068.8548853516,-627058.2815894795
930002418,Republican,37017950100,2.3,37,37017950100,1197068.8548853516,-627058.2815894795
3846594404,Republican,37179020311,9.3,37,37179020311,989917.61992054,-589190.2333557137
2402032444,Democrat,37101040302,87.6,37,37101040302,1199124.0673976906,-520487.8303035745
3637763303,Democrat,37101040302,88.25,37,37101040302,1199124.0673976906,-520487.8303035745
3881398075,Democrat,37101040302,88.9,37,37101040302,1199124.0673976906,-520487.8303035745
3432233013,Republican,37071033307,4.5,37,37071033307,948448.4914124048,-582977.0223425089
597066690,Democrat,37081010601,97.7,37,37081010601,1056037.62446528,-477459.1709227063
2746398083,Democrat,37081016003,68.8,37,37081016003,1045642.229096275,-467889.6761232303
3300909051,Democrat,37069060402,98.3,37,37069060402,1184233.7293547115,-462550.9971546401
2506872827,Republican,37151031400,0.3,37,37151031400,1061538.9423168928,-506077.4725498238
943670375,Republican,37151031400,3.0,37,37151031400,1061538.9423168928,-506077.4725498238
2968693891,Republican,37151031400,5.7,37,37151031400,1061538.9423168928,-506077.4725498238
1889468441,Republican,37151030504,0.5,37,37151030504,1044170.1654879864,-512859.075707275
3086301369,Democrat,37001022002,98.4,37,37001022002,1106371.8947697068,-484195.7151701095
3809020439,Democrat,37119003300,51.3,37,37119003300,969794.6539027252,-579928.2037342489
3551365188,Republican,37081016305,0.8,37,37081016305,1043243.0580667136,-482796.4312009681
183159049,Democrat,37129011902,94.2,37,37129011902,1251611.7479684958,-668345.4649592561
2061750405,Republican,37183052601,47.8,37,37183052601,1164573.009548852,-494235.3263723306
832271562,Republican,37183053607,26.4,37,37183053607,1147986.1001575263,-497249.2704209221
3729515392,Republican,37065020400,2.8,37,37065020400,1244389.5695310514,-474717.0698310688
1430268824,Democrat,37065020400,95.0,37,37065020400,1244389.5695310514,-474717.0698310688
1092626951,Republican,37067002804,30.2,37,37067002804,1012695.6140441252,-467358.51830626297
2365448104,Republican,37043950100,0.4,37,37043950100,711168.1060721538,-605380.1636876122
2621136156,Republican,37043950100,0.8500000000000001,37,37043950100,711168.1060721538,-605380.1636876122
3232794751,Republican,37043950100,1.3,37,37043950100,711168.1060721538,-605380.1636876122
12020622,Democrat,37191000302,79.0,37,37191000302,1240461.5824802166,-538903.4460631122
932244412,Republican,37129011705,3.2,37,37129011705,1257132.275966863,-662011.6954614281
1087174677,Democrat,37129011705,97.8,37,37129011705,1257132.275966863,-662011.6954614281
789548449,Democrat,37129011705,98.15,37,37129011705,1257132.275966863,-662011.6954614281
4049242231,Democrat,37129011705,98.5,37,37129011705,1257132.275966863,-662011.6954614281
1194131301,Republican,37161960200,12.7,37,37161960200,861413.2012190763,-557182.4598993969
1904579299,Democrat,37111970901,56.2,37,37111970901,872474.2474465525,-539112.282138997
1241455571,Republican,37031970102,2.2,37,37031970102,1370761.4491510277,-576620.385367999
1008853454,Republican,37179020204,0.6,37,37179020204,1002916.8483267385,-583763.2151836489
3689626150,Republican,37085070904,5.0,37,37085070904,1156940.0779919284,-532723.7357425414
1817411006,Republican,37183054402,0.3,37,37183054402,1188580.0222824428,-500803.0465699347
1527671624,Republican,37183054402,1.2999999999999998,37,37183054402,1188580.0222824428,-500803.0465699347
1253457672,Republican,37183054402,2.3,37,37183054402,1188580.0222824428,-500803.0465699347
1148288707,Democrat,37129010800,56.0,37,37129010800,1244456.3614446905,-672345.0072365314
212351070,Democrat,37119005913,66.2,37,37119005913,961533.1087021056,-586295.2195429093
1797477354,Republican,37021002603,12.1,37,37021002603,792524.035954389,-538404.4486610007
800239669,Republican,37025042200,21.6,37,37025042200,995725.7985061556,-556448.0541018974
1371483456,Republican,37119005910,32.2,37,37119005910,957832.81988375,-590104.5240332477
3045361970,Democrat,37119005910,98.8,37,37119005910,957832.81988375,-590104.5240332477
3199947091,Republican,37081016410,0.3,37,37081016410,1047773.754096364,-488343.7525223833
1933368315,Republican,37133002800,8.5,37,37133002800,1308925.086731062,-613178.2068224851
1782703492,Democrat,37067001400,77.9,37,37067001400,1018091.8935032736,-471698.4192277764
2446087581,Republican,37055970502,23.3,37,37055970502,1450002.2421432978,-514871.1185981311
4046663352,Republican,37097061303,3.6,37,37097061303,973173.6813756736,-531654.6234411626
2374857448,Republican,37101041103,12.9,37,37101041103,1179208.073605036,-524461.3965809129
789076080,Democrat,37055970601,98.7,37,37055970601,1429402.427605511,-460594.99319664104
3712061104,Democrat,37135010701,78.9,37,37135010701,1121885.292507389,-489319.8192952828
2512092857,Republican,37183052802,2.5,37,37183052802,1166724.8514687542,-509351.17976689286
2388785578,Republican,37195000900,13.4,37,37195000900,1231508.2669509505,-511815.90679727506
2372428257,Republican,37037020800,9.1,37,37037020800,1121219.9207450158,-511786.578401322
1833275899,Republican,37183053715,2.0,37,37183053715,1162956.0154943073,-492035.0871007304
1512500844,Republican,37051003001,0.4,37,37051003001,1151108.1559463337,-600175.6164470764
392687391,Democrat,37181960300,81.7,37,37181960300,1177109.4793246132,-437783.6034635785
549773095,Democrat,37145920100,81.8,37,37145920100,1140303.3550180092,-430303.43970560655
3426438597,Democrat,37191002000,58.6,37,37191002000,1226754.0879085783,-541648.7106191679
3650283368,Republican,37161960900,26.1,37,37161960900,877971.6623570902,-573210.8515153315
2133300146,Republican,37031970802,4.8,37,37031970802,1317706.8200079643,-609138.0110693643
2670299187,Republican,37027031300,0.8,37,37027031300,919398.5820760605,-513549.0310569427
514946590,Democrat,37183054206,97.4,37,37183054206,1174687.9342669784,-479364.4518183137
370441852,Republican,37163970301,6.4,37,37163970301,1178333.092995618,-561664.2629751011
362590047,Democrat,37021000500,98.9,37,37021000500,814966.7108604228,-540076.7983946622
4094679220,Republican,37093970401,49.4,37,37093970401,1127955.4066156142,-599918.7841099377
1717363601,Republican,37027031403,33.2,37,37027031403,912486.2708256778,-513847.2640274212
1161273679,Democrat,37095920100,77.1,37,37095920100,1384214.3589010437,-510600.24376374047
3131088660,Republican,37189920702,7.7,37,37189920702,901977.5073006172,-474671.34876668756
3635779301,Republican,37159051501,4.7,37,37159051501,988610.8775619477,-543224.8042108014
546149817,Democrat,37155960201,95.7,37,37155960201,1138031.217064486,-602378.7507329839
543535290,Democrat,37165010400,96.8,37,37165010400,1104379.6108982104,-622851.5016335523
4093787548,Democrat,37179020310,51.2,37,37179020310,991009.5549209877,-586728.603915661
1213227032,Republican,37191000901,2.6,37,37191000901,1220800.3571614628,-545575.1819652164
3850699144,Republican,37179020317,7.0,37,37179020317,988758.9276237814,-596557.1879853146
3140118380,Republican,37183053109,12.2,37,37183053109,1159467.947685706,-522557.2007533629
3641444087,Democrat,37097061401,90.4,37,37097061401,960708.21255054,-539446.048807956
452821347,Republican,37141920203,4.3,37,37141920203,1258794.1642250596,-644300.1783160632
2244428058,Democrat,37155961802,92.3,37,37155961802,1129714.174810106,-639713.8071086804
3457697530,Republican,37157041300,1.7,37,37157041300,1077181.0712076088,-448876.969958656
3172477415,Democrat,37021002804,63.1,37,37021002804,814848.0774140669,-525941.094480376
1338507278,Republican,37025041100,1.2,37,37025041100,988605.5362586931,-549477.6910907953
778750223,Democrat,37101040901,86.9,37,37101040901,1192837.296655243,-520827.1641429203
4286337776,Republican,37101040901,9.4,37,37101040901,1192837.296655243,-520827.1641429203
1494835269,Democrat,37119005513,60.9,37,37119005513,975282.450723956,-562151.658107106
1031238258,Democrat,37175960500,98.5,37,37175960500,789264.2245686321,-587802.9512834847
1673349734,Republican,37175960500,1.0,37,37175960500,789264.2245686321,-587802.9512834847
1601141242,Republican,37175960500,1.2,37,37175960500,789264.2245686321,-587802.9512834847
1963053724,Republican,37175960500,1.4,37,37175960500,789264.2245686321,-587802.9512834847
269516473,Democrat,37159050201,86.7,37,37159050201,1004950.5989783524,-527294.3209434615
251246817,Democrat,37023021202,96.9,37,37023021202,910327.9051120456,-526821.0320688111
1679603297,Democrat,37019020602,79.0,37,37019020602,1220316.089873507,-676080.047775869
3018271608,Republican,37051002504,36.9,37,37051002504,1148989.3349262716,-571748.3754052329
451103967,Democrat,37083931000,97.4,37,37083931000,1260935.2169073515,-438852.1457716964
2327046290,Democrat,37023020201,98.8,37,37023020201,876439.3158762847,-511976.9557061992
2309345713,Republican,37035010501,22.8,37,37035010501,922653.9178652064,-520732.531187415
2950976011,Republican,37129012101,0.3,37,37129012101,1246318.877376446,-676140.2141787482
1814156197,Republican,37129012101,2.9,37,37129012101,1246318.877376446,-676140.2141787482
3968199223,Republican,37129012101,20.5,37,37129012101,1246318.877376446,-676140.2141787482
1679803130,Democrat,37031970503,98.9,37,37031970503,1348161.4547375822,-601361.9482107246
932263736,Republican,37031970503,4.8,37,37031970503,1348161.4547375822,-601361.9482107246
3120846379,Democrat,37067002701,95.5,37,37067002701,1013100.7193162332,-469734.89708425954
1265789300,Republican,37119005716,25.9,37,37119005716,982848.5774895764,-582149.7654452022
2263288772,Democrat,37119005716,96.3,37,37119005716,982848.5774895764,-582149.7654452022
344909654,Republican,37129012300,5.9,37,37129012300,1260268.7269576646,-659939.1902556664
323891459,Democrat,37129012300,57.7,37,37129012300,1260268.7269576646,-659939.1902556664
3587453375,Democrat,37183052504,78.8,37,37183052504,1161070.7705530946,-496877.1462384659
567487160,Republican,37183052504,0.5,37,37183052504,1161070.7705530946,-496877.1462384659
3426686420,Republican,37071032600,2.7,37,37071032600,945009.3752691068,-574934.4016848861
2050768507,Republican,37059080100,2.0,37,37059080100,984597.7479714636,-496022.0323096455
2148719527,Democrat,37183052001,91.1,37,37183052001,1170735.4503499991,-500916.00705181976
321619972,Republican,37029950101,6.1,37,37029950101,1368734.7195872418,-406818.2623249478
2793578633,Democrat,37101040902,95.8,37,37101040902,1188651.5803279695,-524651.5946071106
4028693050,Republican,37109070201,1.0,37,37109070201,934520.744731728,-548954.8552009835
3299111211,Democrat,37135011101,65.6,37,37135011101,1113835.616230458,-469296.7766445028
763510971,Democrat,37063001710,99.3,37,37063001710,1139336.6980582676,-472431.8906688286
631385871,Democrat,37119005523,92.5,37,37119005523,978462.1394090276,-565101.8650527204
312300113,Republican,37195001400,0.5,37,37195001400,1227235.1460918186,-495100.8710948638
3146748122,Republican,37195001400,20.35,37,37195001400,1227235.1460918186,-495100.8710948638
1334987219,Republican,37195001400,40.2,37,37195001400,1227235.1460918186,-495100.8710948638
1275684841,Democrat,37195001400,90.9,37,37195001400,1227235.1460918186,-495100.8710948638
1183936694,Republican,37063001601,37.9,37,37063001601,1141564.9509744735,-467574.2854969064
626703941,Democrat,37063001601,60.9,37,37063001601,1141564.9509744735,-467574.2854969064
593800901,Republican,37191001301,0.2,37,37191001301,1234567.9759881177,-538423.6685802575
3763738574,Democrat,37133000202,96.9,37,37133000202,1276786.7996144348,-598066.5897082421
1477892395,Republican,37113970301,0.8,37,37113970301,740859.4967160865,-590062.2289447204
1222226789,Democrat,37119003805,58.6,37,37119003805,965173.1320352523,-581951.4534522147
98869416,Democrat,37119003805,68.8,37,37119003805,965173.1320352523,-581951.4534522147
1171153592,Democrat,37119003805,79.0,37,37119003805,965173.1320352523,-581951.4534522147
4150790389,Democrat,37183052903,99.0,37,37183052903,1167616.8272089323,-514819.4811137437
1159588892,Republican,37045951400,2.3,37,37045951400,896267.9651413688,-569416.4649247959
18785719,Democrat,37081016407,97.9,37,37081016407,1047148.7418161086,-482255.37976533646
1692316583,Democrat,37081013602,96.6,37,37081013602,1041368.1263095874,-488521.7476467599
491532528,Democrat,37119001508,98.3,37,37119001508,981610.7115625762,-573904.2207448139
279657186,Democrat,37119001508,98.35,37,37119001508,981610.7115625762,-573904.2207448139
3761349007,Democrat,37119001508,98.4,37,37119001508,981610.7115625762,-573904.2207448139
2134576907,Democrat,37119005605,98.5,37,37119005605,980550.34701494,-568574.8043484747
1578763342,Democrat,37067001700,93.9,37,37067001700,1023283.6567164134,-474459.3784539075
3153109665,Republican,37067004011,0.5,37,37067004011,1006116.628035148,-478452.289040366
4066736869,Republican,37051003205,1.5,37,37051003205,1138778.2285811405,-587238.1960004538
4203739020,Democrat,37063002019,98.5,37,37063002019,1134054.1120666752,-491793.5705122057
237498910,Republican,37057060601,19.2,37,37057060601,1034606.8621662536,-494280.1401235483
2347645422,Democrat,37119006212,76.8,37,37119006212,967805.0515780356,-555673.0412542807
650278446,Democrat,37119006212,78.9,37,37119006212,967805.0515780356,-555673.0412542807
4276366052,Democrat,37119006212,81.0,37,37119006212,967805.0515780356,-555673.0412542807
2551494557,Democrat,37025041502,61.4,37,37025041502,991330.4425777504,-569441.9188871225
2223978223,Democrat,37163970700,98.4,37,37163970700,1205751.1271471584,-582163.9330185633
3724009756,Democrat,37077970702,97.6,37,37077970702,1153427.3348313228,-461998.6661447761
348842988,Democrat,37023020500,70.5,37,37023020500,890593.8376903605,-522336.85994651186
944370622,Republican,37183054114,0.8,37,37183054114,1177096.0895376818,-501214.32292300795
3029036507,Republican,37183054114,4.949999999999999,37,37183054114,1177096.0895376818,-501214.32292300795
1339594524,Republican,37183054114,9.1,37,37183054114,1177096.0895376818,-501214.32292300795
2588322771,Democrat,37067001500,94.4,37,37067001500,1019418.3397070112,-470561.50620816025
3984087747,Democrat,37077970200,98.5,37,37077970200,1167280.6288525998,-437317.2668642485
3927733023,Democrat,37119006213,98.0,37,37119006213,961826.809110323,-558927.1876714624
1477466643,Republican,37167931100,7.3,37,37167931100,1036869.874089334,-572745.0867354689
4242192750,Republican,37047930600,17.4,37,37047930600,1150888.5455704147,-669780.7584628572
3178768111,Democrat,37155961400,89.8,37,37155961400,1152505.94750278,-621209.7076723359
1089224827,Democrat,37119005613,96.9,37,37119005613,982012.5760601292,-569802.6565453446
3942367044,Democrat,37119003902,98.2,37,37119003902,966129.6059863096,-578438.1796114497
3814040233,Republican,37183052902,39.4,37,37183052902,1170189.1427142995,-518666.0902648032
2794069271,Democrat,37091950401,97.7,37,37091950401,1308047.6446460465,-433907.61081894493
3603530136,Republican,37089930502,5.8,37,37089930502,823687.2840675234,-561390.0388096182
935577728,Democrat,37081016505,95.5,37,37081016505,1049537.3597003648,-482296.05283677706
927619509,Democrat,37135010705,88.2,37,37135010705,1125418.2275977582,-489142.4562933488
3099103345,Republican,37081015600,0.7,37,37081015600,1060602.9198641896,-460375.5692039546
1563175150,Republican,37081015600,0.8,37,37081015600,1060602.9198641896,-460375.5692039546
3536802799,Republican,37081015600,0.9,37,37081015600,1060602.9198641896,-460375.5692039546
2698831245,Democrat,37147001002,98.3,37,37147001002,1292534.835069613,-513716.68133387703
3682201037,Republican,37119005837,27.0,37,37119005837,971223.7931854186,-595969.7402537969
2922903588,Democrat,37081013800,98.4,37,37081013800,1043173.1930608364,-489338.619967835
3975016560,Republican,37183053900,11.2,37,37183053900,1163670.2347593857,-474534.7146548099
1329534690,Democrat,37183053900,83.2,37,37183053900,1163670.2347593857,-474534.7146548099
1331659134,Democrat,37063001707,92.0,37,37063001707,1135171.5045689482,-473936.5072960585
2767167950,Republican,37045950102,18.7,37,37045950102,897055.7336234369,-558546.1686302593
2920951305,Democrat,37171930400,75.4,37,37171930400,984279.8655075142,-435019.2803979844
3878483214,Democrat,37161960600,58.5,37,37161960600,872708.9872514298,-566111.5139045733
1112031262,Democrat,37051002002,95.2,37,37051002002,1143457.8912786765,-584225.5010733247
1826875567,Democrat,37051002002,96.75,37,37051002002,1143457.8912786765,-584225.5010733247
356663544,Democrat,37051002002,98.3,37,37051002002,1143457.8912786765,-584225.5010733247
200751573,Republican,37133001101,6.2,37,37133001101,1280568.5467108143,-604443.1406005487
406259271,Democrat,37153971100,96.8,37,37153971100,1081554.1593641168,-608293.3311004024
3808033170,Republican,37021001900,4.7,37,37021001900,819143.7696602759,-544965.4826635923
2472306239,Democrat,37069060200,57.2,37,37069060200,1209543.1422505574,-456329.0355634558
1272560681,Democrat,37023021400,98.4,37,37023021400,889501.5291825227,-524975.7574560636
3364182117,Democrat,37081014200,79.6,37,37081014200,1043437.3666882749,-491802.9084707778
2096478823,Democrat,37133001200,97.8,37,37133001200,1283141.830890502,-598063.3213750544
3597106983,Republican,37049961001,29.3,37,37049961001,1317607.1277299412,-574268.6035639233
3110493253,Democrat,37071030204,94.5,37,37071030204,951386.4875760541,-563490.8619966424
2608763910,Republican,37183054109,3.7,37,37183054109,1181713.7165547844,-505168.5303198985
4074693210,Republican,37183052401,18.3,37,37183052401,1158742.9889261543,-499200.170059502
4073605888,Democrat,37101041102,83.8,37,37101041102,1174892.813369068,-519250.01461808424
4104043822,Democrat,37195000700,98.7,37,37195000700,1235864.1766140815,-500457.1520021948
2072452030,Republican,37085070903,26.1,37,37085070903,1159355.075281936,-535771.9070582794
1938348015,Democrat,37063000700,92.7,37,37063000700,1139831.6995759136,-480760.7577743478
3436951178,Republican,37067002100,38.9,37,37067002100,1015891.06250022,-479372.19265691115
3274736126,Democrat,37097061203,72.1,37,37097061203,965741.9523061606,-531994.5304205461
4099296222,Republican,37183053518,1.5,37,37183053518,1151510.8639405796,-504286.49367446656
2218445516,Democrat,37119005906,98.6,37,37119005906,958415.0514682451,-578399.3141972623
3513730161,Republican,37035011504,0.4,37,37035011504,955164.9535542,-538268.5308709843
1454045681,Democrat,37119001200,99.3,37,37119001200,976163.4461745928,-576075.3842700114
1464549154,Democrat,37183053107,96.5,37,37183053107,1153555.7101892158,-525868.6725158411
1657173052,Republican,37027030700,0.5,37,37027030700,907123.5246143435,-512921.07503653906
1699792420,Republican,37027030700,0.6,37,37027030700,907123.5246143435,-512921.07503653906
2783966351,Republican,37027030700,0.7,37,37027030700,907123.5246143435,-512921.07503653906
3482230279,Republican,37085070300,0.4,37,37085070300,1173413.7718126902,-549266.2067724798
2623994088,Republican,37179021012,21.4,37,37179021012,983642.6105179864,-605633.2885307439
3840178012,Democrat,37067000500,79.2,37,37067000500,1020717.4296316705,-474284.70967510773
1540262758,Republican,37119005838,32.1,37,37119005838,972091.901173136,-598873.6566327316
4060017833,Republican,37071032302,1.2,37,37071032302,954723.0573762477,-575115.9079286875
3172644943,Democrat,37021000600,98.6,37,37021000600,814630.5451405714,-542188.0427160793
3636198098,Democrat,37021000600,98.69999999999999,37,37021000600,814630.5451405714,-542188.0427160793
2188349637,Democrat,37021000600,98.8,37,37021000600,814630.5451405714,-542188.0427160793
1946519351,Republican,37187950300,2.3,37,37187950300,1352770.9016895546,-484289.616465671
3281468569,Republican,37147001500,2.6,37,37147001500,1282957.6123034805,-537076.6001607961
4247655349,Republican,37121950200,1.0,37,37121950200,849858.6007573578,-494889.80132522405
2547346729,Republican,37057062001,3.6,37,37057062001,1030920.5033699564,-530684.5443180569
844249467,Republican,37129011800,12.8,37,37129011800,1255089.134720983,-673018.5751379143
492157361,Republican,37045950101,22.3,37,37045950101,901586.3214457028,-548757.1452322006
1996514157,Republican,37119003008,13.0,37,37119003008,972582.6257315066,-590440.41120576
4017914117,Republican,37031970604,0.3,37,37031970604,1341369.4937998587,-602380.1050532674
1917847572,Republican,37049960403,0.5,37,37049960403,1313030.9774104513,-566152.7446388646
2929698356,Democrat,37129011903,96.4,37,37129011903,1251458.5962108548,-666697.6599084452
3616195768,Republican,37081014411,22.1,37,37081014411,1043085.2138393313,-487266.9459664729
3174998799,Democrat,37051001700,70.2,37,37051001700,1145695.7522441887,-588556.7128959086
2988678174,Democrat,37021002607,57.6,37,37021002607,808065.6539804981,-538967.8890234719
2065110364,Democrat,37119005909,98.2,37,37119005909,958305.5504635762,-587008.8455306332
1315289537,Democrat,37067003307,97.7,37,37067003307,1032169.6092684576,-475188.1643067692
2857636153,Republican,37173960200,25.7,37,37173960200,734593.4930832824,-561950.0972360169
2549945434,Republican,37151030700,0.3,37,37151030700,1048983.8552452882,-531327.7247634614
3056227252,Democrat,37097061003,86.5,37,37097061003,961471.0828649214,-510499.194043344
2083730336,Democrat,37021002301,93.7,37,37021002301,810506.3353580965,-557838.3726125491
2889890895,Democrat,37007920300,85.1,37,37007920300,1027799.8151600598,-593814.9327963107
1191026446,Democrat,37145920300,78.2,37,37145920300,1131049.8856024386,-432887.5964244253
4082606194,Republican,37061090702,8.9,37,37061090702,1234210.3935990778,-609174.7657038365
3716656753,Democrat,37061090702,98.4,37,37061090702,1234210.3935990778,-609174.7657038365
4095976101,Democrat,37099940200,58.8,37,37099940200,751729.4387320593,-559788.2432839498
3208149651,Republican,37105030702,0.3,37,37105030702,1131460.0408745056,-535512.3171220663
2752677152,Democrat,37183053517,94.0,37,37183053517,1155114.8131905121,-501610.5815901759
1282674902,Democrat,37081012803,99.3,37,37081012803,1066345.3851522978,-477135.1293322664
798030305,Democrat,37119006006,91.9,37,37119006006,960999.2378824428,-572989.3742000699
3016352392,Democrat,37119006006,93.95,37,37119006006,960999.2378824428,-572989.3742000699
861203716,Democrat,37119006006,96.0,37,37119006006,960999.2378824428,-572989.3742000699
1484572248,Republican,37179020401,3.7,37,37179020401,998981.49315367,-597250.0586352203
3799722360,Democrat,37119006105,99.0,37,37119006105,965601.7178392896,-563936.3841643926
3522725445,Democrat,37019020507,98.1,37,37019020507,1188027.960240714,-706965.9547801749
4043198472,Republican,37183053108,0.7,37,37183053108,1159371.337871986,-527156.9219180132
1509409818,Democrat,37059080500,95.7,37,37059080500,995047.0435336095,-499843.196129984
1479590527,Democrat,37119002701,99.0,37,37119002701,972505.5395499144,-579156.6160723746
687516283,Republican,37111970200,16.2,37,37111970200,869793.6014947415,-528141.2988116918
2838968491,Democrat,37067001602,99.2,37,37067001602,1021319.8562035036,-473674.8809522755
4036784815,Republican,37051002502,36.6,37,37051002502,1151590.8195257734,-574601.6793226539
2775239125,Republican,37155960401,7.8,37,37155960401,1117199.4349101093,-616791.192171393
187420459,Democrat,37063001304,98.9,37,37063001304,1140384.8983411985,-482509.7286354251
1963851636,Democrat,37145920200,72.6,37,37145920200,1124390.8295642294,-427488.89652078005
609725347,Republican,37077970102,9.7,37,37077970102,1153052.036223308,-434425.3553525288
1043339574,Republican,37119006303,13.9,37,37119006303,969077.2664449532,-554137.225088039
1616916730,Democrat,37119005914,98.6,37,37119005914,960533.7963362036,-588568.0590780008
2947129750,Republican,37141920103,7.3,37,37141920103,1275274.5218188444,-640803.395425164
1052785913,Republican,37019020511,17.3,37,37019020511,1204857.658499492,-705948.2369292561
1134266779,Republican,37031970801,0.8,37,37031970801,1314591.7245724723,-602418.4635573977
3785339857,Democrat,37113970302,97.5,37,37113970302,736240.8179330651,-591151.8992284851
2910973967,Democrat,37067000100,94.9,37,37067000100,1019173.133172882,-476586.9242924725
459495256,Democrat,37021002203,86.1,37,37021002203,816615.841699273,-558755.2122081838
264890106,Republican,37129011701,38.5,37,37129011701,1253371.0425967583,-664718.8205226476
4037778951,Democrat,37119003903,99.2,37,37119003903,964321.4519346608,-578826.970791607
3402089310,Republican,37127011200,42.3,37,37127011200,1231866.9797758816,-485724.08496004774
2915092710,Democrat,37045950800,99.1,37,37045950800,909631.2746686204,-566837.9894289299
3315449259,Democrat,37183053716,95.0,37,37183053716,1164754.6999107671,-492416.4033779882
1661581353,Democrat,37081013900,93.2,37,37081013900,1043526.2623402495,-490396.34661983507
93704872,Democrat,37051001000,87.0,37,37051001000,1148087.7279181085,-580155.6744352613
3799921092,Republican,37123960500,0.4,37,37123960500,1066408.470106665,-568971.4795773353
3133064121,Democrat,37001020802,98.5,37,37001020802,1092917.990093335,-473706.7645129438
3937132880,Republican,37059080600,0.7,37,37059080600,990946.4989148113,-497142.1716167005
2565628452,Democrat,37197050502,98.9,37,37197050502,989617.8190360144,-479373.9299375746
2030436853,Republican,37049961302,5.9,37,37049961302,1338366.788382781,-588271.2711970464
282926507,Democrat,37063002007,99.2,37,37063002007,1137970.0246910357,-484590.9525679549
1315427911,Democrat,37015960100,92.8,37,37015960100,1325826.2298004627,-447129.551957821
3742417312,Democrat,37071030502,80.5,37,37071030502,926558.3867451982,-566766.1140102776
2308640000,Republican,37087920300,17.5,37,37087920300,790786.2465295538,-552114.7527832408
2223359135,Republican,37119006407,0.6,37,37119006407,968786.5168183856,-551534.0774925415
3749778347,Republican,37119006407,1.5499999999999998,37,37119006407,968786.5168183856,-551534.0774925415
1333822644,Republican,37119006407,2.5,37,37119006407,968786.5168183856,-551534.0774925415
2917786509,Democrat,37047930100,95.2,37,37047930100,1213864.9025637256,-658836.6049228532
2026443986,Democrat,37115010500,81.8,37,37115010500,800106.3477753421,-523335.3541479236
3734469315,Democrat,37089931300,92.6,37,37089931300,825124.8834838484,-575038.722438311
1990766150,Republican,37183052701,2.3,37,37183052701,1167880.7696109712,-495089.668709184
3032276436,Republican,37063000500,4.0,37,37063000500,1139077.9225754815,-479096.7214581941
744551875,Republican,37107010800,1.4,37,37107010800,1264048.031799567,-546818.2289696665
3657891154,Republican,37107010800,1.95,37,37107010800,1264048.031799567,-546818.2289696665
3840693612,Republican,37107010800,2.5,37,37107010800,1264048.031799567,-546818.2289696665
1350684316,Democrat,37107010800,54.9,37,37107010800,1264048.031799567,-546818.2289696665
168142596,Democrat,37183053722,98.6,37,37183053722,1162483.3991672946,-488948.1321258781
3699347700,Democrat,37183053722,98.9,37,37183053722,1162483.3991672946,-488948.1321258781
2956569893,Democrat,37183053722,99.2,37,37183053722,1162483.3991672946,-488948.1321258781
3892971721,Republican,37151031000,1.1,37,37151031000,1079174.755802245,-510139.009010321
2528831838,Republican,37081014407,1.4,37,37081014407,1038789.6551052196,-488595.5969395978
4106871179,Democrat,37063002017,91.6,37,37063002017,1134083.6295500891,-480998.9013585756
4022629292,Republican,37035011602,1.1,37,37035011602,942746.702584389,-539523.2661362903
1712707847,Republican,37183053419,48.0,37,37183053419,1150815.968202914,-507550.40182594117
286697155,Republican,37183054302,0.4,37,37183054302,1196200.823139033,-494518.8043797954
3101186505,Democrat,37129011200,93.4,37,37129011200,1244462.15914707,-667077.626888838
3785294269,Democrat,37067001300,88.1,37,37067001300,1016310.7008922908,-473220.8948515589
2872228826,Democrat,37097060601,99.3,37,37097060601,967168.6029998644,-513549.4621175046
104947362,Republican,37097061001,2.5,37,37097061001,962712.2878456208,-506380.0569563864
3266666265,Republican,37097061001,20.75,37,37097061001,962712.2878456208,-506380.0569563864
3505744009,Republican,37097061001,39.0,37,37097061001,962712.2878456208,-506380.0569563864
3198474579,Democrat,37101040700,75.4,37,37101040700,1198080.1273712886,-527552.3002528873
3340138763,Republican,37097061202,0.8,37,37097061202,964340.9000075698,-525034.3174245086
2595136062,Republican,37183054204,44.0,37,37183054204,1176139.0157697794,-476348.1290992482
1638159386,Democrat,37197050300,97.1,37,37197050300,966907.2043670618,-468153.8588160271
2334242186,Democrat,37013930200,98.4,37,37013930200,1314308.0372429464,-503404.5523443949
2324412189,Republican,37081016800,0.3,37,37081016800,1062245.59500271,-486310.8199221776
3180077895,Republican,37081016800,0.8499999999999999,37,37081016800,1062245.59500271,-486310.8199221776
1506561103,Republican,37081016800,1.4,37,37081016800,1062245.59500271,-486310.8199221776
3022090161,Republican,37019020510,22.2,37,37019020510,1198085.7470367472,-708675.5678681997
2726048536,Republican,37035011402,1.6,37,37035011402,942885.6212717236,-531096.0144454245
218332227,Democrat,37107010200,98.6,37,37107010200,1270424.4771671724,-549402.467859757
3521516071,Republican,37129012103,1.5,37,37129012103,1251012.544378358,-676357.6939858302
1568481856,Republican,37057060302,0.3,37,37057060302,1014341.3168680648,-489529.8492027656
1392044086,Democrat,37093970101,91.9,37,37093970101,1123597.7451335613,-588233.627112115
3918770828,Democrat,37185950103,98.0,37,37185950103,1217740.4541556991,-433277.4436173843
525973109,Democrat,37079950300,80.0,37,37079950300,1258981.230149878,-534064.6550359275
2323343571,Democrat,37159050300,90.6,37,37159050300,1000357.0612522677,-526200.4473263619
3039458901,Republican,37013930100,22.3,37,37013930100,1344305.067115995,-504792.928638995
1579787752,Democrat,37085070100,97.5,37,37085070100,1172746.3230295526,-556183.2205685624
2450857982,Republican,37125950502,1.8,37,37125950502,1109413.2185399106,-564255.330645624
766317898,Republican,37119005845,2.7,37,37119005845,977623.476716074,-595229.8236330879
2156671526,Democrat,37165010200,58.9,37,37165010200,1099941.4301265918,-616392.733281843
2413735051,Democrat,37119006209,92.1,37,37119006209,966582.1971973828,-551523.406687629
226246876,Republican,37067003905,41.2,37,37067003905,1012193.1833939104,-477932.3385422237
1337398786,Democrat,37071031900,70.6,37,37071031900,939394.5679733402,-573271.779627084
3943059019,Democrat,37147001303,98.9,37,37147001303,1283760.722339964,-519360.22025901993
1082310834,Republican,37025042402,5.8,37,37025042402,990162.7249018877,-552066.6310197348
3960418769,Democrat,37193961200,99.0,37,37193961200,952139.7142727015,-477617.1647311008
2861869400,Republican,37119005711,22.8,37,37119005711,985986.2935073432,-582396.3169219897
1567210704,Democrat,37183053709,73.5,37,37183053709,1157482.7950909438,-492352.9728074458
1450017093,Republican,37183054105,22.9,37,37183054105,1173987.6349761172,-496602.1032033314
3684052394,Republican,37051003304,14.8,37,37051003304,1141507.217271123,-579752.4843142743
1134187291,Democrat,37185950300,99.1,37,37185950300,1203909.0573840777,-430311.89957208943
881345874,Republican,37119005833,1.2,37,37119005833,981312.3034859815,-588766.0976880201
2877500172,Democrat,37003040300,72.6,37,37003040300,927737.1932454228,-505362.0270418786
2814049374,Democrat,37081010701,98.1,37,37081010701,1059090.2696114832,-476252.1344419346
4284346491,Republican,37081016203,0.8,37,37081016203,1039439.0541907595,-478315.8595803207
1224754420,Republican,37189920900,2.9,37,37189920900,878986.722366743,-474598.2559447554
2700267864,Republican,37171930700,21.0,37,37171930700,974763.9661777888,-433356.7774723589
1792548549,Democrat,37147000601,98.9,37,37147000601,1278541.439315108,-510973.5750023254
1275036728,Democrat,37109071002,99.0,37,37109071002,949069.3587619072,-554960.4380802243
393101735,Democrat,37097060300,97.6,37,37097060300,962891.5879499586,-517036.8547889168
1851429757,Democrat,37081016405,98.1,37,37081016405,1047575.7282412726,-478593.5960422265
2247137214,Republican,37119000100,9.2,37,37119000100,971135.6886622864,-576409.0928354509
4113102792,Democrat,37181960700,76.9,37,37181960700,1183455.296365637,-439376.2449712639
2065605999,Republican,37129010900,3.1,37,37129010900,1243807.8582462505,-670235.6158936914
696854993,Democrat,37065021600,98.6,37,37065021600,1258251.9174205458,-497551.6601145729
3514158650,Democrat,37183052806,98.3,37,37183052806,1174578.3087866222,-504563.7363519225
3092263823,Democrat,37125951200,53.4,37,37125951200,1093533.0507843785,-581777.5260506371
132725962,Republican,37169070700,0.3,37,37169070700,1029187.3868589674,-453805.1204178429
1648284422,Republican,37119003400,0.9,37,37119003400,970625.7132836236,-579348.0161711506
1904221313,Republican,37191000700,1.1,37,37191000700,1225372.8405894635,-561008.4471911433
2125041809,Republican,37117970100,0.4,37,37117970100,1321590.3361954165,-486310.85927281505
3270808540,Republican,37089931400,1.4,37,37089931400,828684.858150942,-578070.0969037781
2599130000,Republican,37119003007,44.8,37,37119003007,974616.2416456587,-587831.037504573
1488670110,Republican,37119004305,4.9,37,37119004305,964655.3182020123,-574156.5042821807
3104910301,Republican,37157040102,19.9,37,37157040102,1077479.5948294394,-435319.4424249442
3199814626,Republican,37067003909,1.9,37,37067003909,1010124.4848592472,-477345.3727740469
2258939173,Democrat,37135011602,98.1,37,37135011602,1128666.1755146752,-490441.7885522519
3557246356,Democrat,37183052002,83.3,37,37183052002,1170266.628803675,-502368.3986533035
1859494424,Democrat,37051003104,79.7,37,37051003104,1144815.1341214709,-596328.8207408502
661926090,Republican,37009970200,19.1,37,37009970200,900226.4778972098,-435637.02084049047
1345359618,Republican,37193960100,39.8,37,37193960100,955225.6667719312,-462095.60678251326
912752884,Republican,37001021300,0.4,37,37001021300,1102049.5255577324,-461115.9445499031
4257055172,Republican,37017950500,2.0,37,37017950500,1164707.6982266014,-639297.2637469604
1495598807,Republican,37193961001,10.1,37,37193961001,926842.691838708,-485181.9057117423
947001152,Democrat,37085070500,94.9,37,37085070500,1168224.2796626182,-554595.4119047617
3904353696,Democrat,37119004100,97.2,37,37119004100,968684.095705012,-575980.124393335
2224820769,Democrat,37001021207,98.0,37,37001021207,1104881.6712744571,-469761.18049709604
3133647633,Democrat,37013930400,94.9,37,37013930400,1312496.7176504768,-512121.0429715602
3373535589,Republican,37193960500,5.6,37,37193960500,937684.6113834294,-470490.84096164594
146255122,Democrat,37119001910,97.3,37,37119001910,981417.6289800457,-579168.6193418874
2439609079,Republican,37159050904,4.2,37,37159050904,1020614.8096853228,-537499.3044638297
1779612310,Republican,37025042501,20.3,37,37025042501,987742.8496964028,-553537.4420738625
3961058073,Republican,37119006403,1.9,37,37119006403,969880.6887908541,-546244.1136077851
326020216,Republican,37071032301,7.0,37,37071032301,951435.4203935922,-574750.3325593257
3833145328,Republican,37071032402,6.7,37,37071032402,954966.4220469736,-581198.1385408014
163043094,Republican,37127010900,19.4,37,37127010900,1220367.2736408557,-462178.6427155768
542027430,Republican,37183053803,1.6,37,37183053803,1160259.735330456,-482344.9567184454
1037485155,Democrat,37089931600,92.0,37,37089931600,821656.2454486531,-576903.2922588794
1103365388,Republican,37109070202,10.4,37,37109070202,938196.4320163449,-548445.5487621839
2752875526,Democrat,37105030402,65.3,37,37105030402,1121493.6795850638,-541897.766442399
2970022413,Democrat,37105030402,82.0,37,37105030402,1121493.6795850638,-541897.766442399
4252322533,Democrat,37105030402,98.7,37,37105030402,1121493.6795850638,-541897.766442399
1311758862,Republican,37035010201,1.0,37,37035010201,935229.964016418,-516197.9484213382
712233539,Democrat,37179020312,97.0,37,37179020312,988870.7380707648,-591114.9138706686
923130555,Democrat,37083930600,94.2,37,37083930600,1242397.4096167323,-432015.9114237193
3877659168,Republican,37025041701,1.6,37,37025041701,1009854.7594932951,-554934.820849522
455195620,Republican,37059080700,4.7,37,37059080700,996646.5510135479,-508337.8789236308
199878474,Democrat,37027030100,95.6,37,37027030100,903864.537876204,-503378.5108751618
1597806198,Democrat,37155960801,97.7,37,37155960801,1138747.7518005623,-633692.7604051768
3935899299,Republican,37051002501,2.2,37,37051002501,1148696.2750289054,-576309.0870032097
199045178,Democrat,37067003002,98.9,37,37067003002,1025314.0170787087,-470302.08569444716
416709223,Democrat,37045950602,96.2,37,37045950602,919724.6297935528,-583188.7187464449
1741749394,Democrat,37149920103,98.4,37,37149920103,855174.1966615148,-581970.3719728068
